CRASH DATE,CRASH TIME,BOROUGH,ZIP CODE,LATITUDE,LONGITUDE,LOCATION,ON STREET NAME,CROSS STREET NAME,OFF STREET NAME,NUMBER OF PERSONS INJURED,NUMBER OF PERSONS KILLED,NUMBER OF PEDESTRIANS INJURED,NUMBER OF PEDESTRIANS KILLED,NUMBER OF CYCLIST INJURED,NUMBER OF CYCLIST KILLED,NUMBER OF MOTORIST INJURED,NUMBER OF MOTORIST KILLED,CONTRIBUTING FACTOR VEHICLE 1,CONTRIBUTING FACTOR VEHICLE 2,CONTRIBUTING FACTOR VEHICLE 3,CONTRIBUTING FACTOR VEHICLE 4,CONTRIBUTING FACTOR VEHICLE 5,COLLISION_ID,VEHICLE TYPE CODE 1,VEHICLE TYPE CODE 2,VEHICLE TYPE CODE 3,VEHICLE TYPE CODE 4,VEHICLE TYPE CODE 5
8/24/24,3:45,Missing,,,,,FRANKLIN AVENUE,,,0,0,0,0,0,0,0,0,Tire Failure/Inadequate,Unspecified,Unspecified,,,4750428,Sedan,Station Wagon/Sport Utility Vehicle,Station Wagon/Sport Utility Vehicle,,
4/3/24,16:50,QUEENS,11103,40.760567,-73.9155,"(40.760567, -73.9155)",31 AVENUE,42 STREET,,0,0,0,0,0,0,0,0,Passing or Lane Usage Improper,Unspecified,,,,4716270,Dot,Sedan,,,
5/17/24,21:20,Missing,,,,,BALTIC STREET,BROOKLYN QNS EXPRESSWAY,,0,0,0,0,0,0,0,0,Unspecified,,,,,4726103,Sedan,,,,
5/21/24,7:50,Missing,,40.7699,-73.91608,"(40.7699, -73.91608)",GRAND CENTRAL PKWY,,,2,0,0,0,0,0,2,0,Aggressive Driving/Road Rage,Following Too Closely,,,,4726294,Sedan,Tanker,,,
8/24/24,15:00,Missing,,,,,JEROME STREET,,,0,0,0,0,0,0,0,0,Unspecified,,,,,4750380,Sedan,,,,
11/24/24,10:30,QUEENS,11427,40.723087,-73.756546,"(40.723087, -73.756546)",210 ST,HILLSIDE AVE,,0,0,0,0,0,0,0,0,Unsafe Speed,Unspecified,,,,4773663,Sedan,,,,
11/24/24,19:57,QUEENS,11356,40.778618,-73.83886,"(40.778618, -73.83886)",23 AVE,130 ST,,1,0,0,0,1,0,0,0,Unspecified,Unspecified,,,,4773867,Sedan,Bike,,,
1/9/24,8:00,STATEN ISLAND,10301,40.63676,-74.07742,"(40.63676, -74.07742)",,,61        VANDUZER STREET,0,0,0,0,0,0,0,0,Unspecified,,,,,4693928,Sedan,,,,
5/28/24,22:00,Missing,,40.833233,-73.8282,"(40.833233, -73.8282)",BRUCKNER EXPRESSWAY,,,2,0,0,0,0,0,2,0,Passing or Lane Usage Improper,Unspecified,,,,4728928,Sedan,Box Truck,,,
7/7/24,2:15,Missing,,40.816803,-73.86575,"(40.816803, -73.86575)",ROSEDALE AVENUE,RANDALL AVENUE,,1,0,1,0,0,0,0,0,Unspecified,,,,,4739820,Sedan,,,,
7/2/24,5:31,Missing,,40.646553,-74.01575,"(40.646553, -74.01575)",52 STREET,,,0,0,0,0,0,0,0,0,Unspecified,Unspecified,,,,4739948,Sedan,Tractor Truck Diesel,,,
5/24/24,15:00,BROOKLYN,11210,40.62988,-73.93841,"(40.62988, -73.93841)",,,3921      AVENUE I,0,0,0,0,0,0,0,0,Unspecified,Unspecified,,,,4728941,Sedan,Sedan,,,
5/30/24,6:54,Missing,,40.732243,-73.87013,"(40.732243, -73.87013)",LONG ISLAND EXPRESSWAY,,,0,0,0,0,0,0,0,0,Passenger Distraction,Unspecified,Unspecified,,,4728751,Sedan,Sedan,Sedan,,
5/31/24,22:28,BROOKLYN,11221,40.693367,-73.934,"(40.693367, -73.934)",,,997       DE KALB AVENUE,0,0,0,0,0,0,0,0,Unspecified,,,,,4729167,Sedan,,,,
7/13/24,0:00,Missing,,40.654045,-73.92673,"(40.654045, -73.92673)",LINDEN BOULEVARD,,,2,0,0,0,0,0,2,0,Unspecified,Unspecified,,,,4740410,Dump,Sedan,,,
7/12/24,11:00,Missing,,40.68438,-73.94702,"(40.68438, -73.94702)",PUTNAM AVENUE,,,0,0,0,0,0,0,0,0,Driver Inattention/Distraction,Unspecified,,,,4740532,Sedan,,,,
1/12/24,17:24,Missing,,40.79978,-73.96821,"(40.79978, -73.96821)",BROADWAY,,,1,0,0,0,1,0,0,0,Driver Inattention/Distraction,Unspecified,,,,4694954,Taxi,Bike,,,
1/12/24,14:30,Missing,,40.679832,-73.95322,"(40.679832, -73.95322)",BEDFORD AVENUE,,,0,0,0,0,0,0,0,0,Passing or Lane Usage Improper,Unspecified,,,,4694875,Sedan,Taxi,,,
7/13/24,6:00,Missing,,40.769318,-73.8666,"(40.769318, -73.8666)",GRAND CENTRAL PKWY,,,0,0,0,0,0,0,0,0,Pavement Slippery,,,,,4739945,Taxi,,,,
1/12/24,14:20,Missing,,40.749172,-73.967026,"(40.749172, -73.967026)",FDR DRIVE,,,0,0,0,0,0,0,0,0,Unspecified,Unspecified,,,,4694947,Sedan,Sedan,,,
7/10/24,1:21,QUEENS,11428,40.720497,-73.75182,"(40.720497, -73.75182)",211 PLACE,90 AVENUE,,0,0,0,0,0,0,0,0,Unsafe Speed,Unspecified,,,,4740695,Sedan,Sedan,,,
5/30/24,8:10,Missing,,40.663754,-73.937164,"(40.663754, -73.937164)",EMPIRE BOULEVARD,,,2,0,0,0,0,0,2,0,Turning Improperly,Unspecified,,,,4728877,Dump,Station Wagon/Sport Utility Vehicle,,,
5/31/24,20:08,Missing,,40.738598,-73.79523,"(40.738598, -73.79523)",LONG ISLAND EXPRESSWAY,,,1,0,0,0,0,0,1,0,Lost Consciousness,,,,,4729043,Station Wagon/Sport Utility Vehicle,,,,
7/14/24,22:15,QUEENS,11419,40.690838,-73.822876,"(40.690838, -73.822876)",101 AVENUE,123 STREET,,1,0,1,0,0,0,0,0,Failure to Yield Right-of-Way,,,,,4740321,,,,,
7/12/24,22:30,Missing,,40.712914,-73.734436,"(40.712914, -73.734436)",HEMPSTEAD AVENUE,220 STREET,,0,0,0,0,0,0,0,0,Unsafe Speed,Unspecified,,,,4740707,Sedan,Sedan,,,
7/13/24,19:32,Missing,,40.86315,-73.90907,"(40.86315, -73.90907)",WEST FORDHAM ROAD,,,0,0,0,0,0,0,0,0,Unspecified,,,,,4740682,Sedan,Sedan,,,
7/14/24,10:30,Missing,,40.701103,-73.92239,"(40.701103, -73.92239)",DE KALB AVENUE,,,0,0,0,0,0,0,0,0,Other Vehicular,Unspecified,,,,4740403,Sedan,,,,
5/30/24,16:28,BROOKLYN,11214,40.59521,-73.99239,"(40.59521, -73.99239)",BATH AVENUE,BAY 37 STREET,,1,0,0,0,1,0,0,0,Failure to Yield Right-of-Way,Unspecified,,,,4729423,Sedan,Bike,,,
7/6/24,21:53,Missing,,40.663517,-73.90238,"(40.663517, -73.90238)",LIVONIA AVENUE,,,0,0,0,0,0,0,0,0,Unspecified,,,,,4740774,Sedan,,,,
1/9/24,22:33,BROOKLYN,11234,40.60981,-73.92251,"(40.60981, -73.92251)",AVENUE U,FLATBUSH AVENUE,,1,0,1,0,0,0,0,0,Failure to Yield Right-of-Way,,,,,4729308,Sedan,,,,
5/31/24,8:08,STATEN ISLAND,10312,40.53048,-74.190735,"(40.53048, -74.190735)",HUGUENOT AVENUE,BILLIOU STREET,,0,0,0,0,0,0,0,0,Driver Inexperience,Unspecified,,,,4729017,Sedan,Sedan,,,
7/16/24,11:56,Missing,,40.804207,-73.96865,"(40.804207, -73.96865)",RIVERSIDE DRIVE,,,1,0,0,0,1,0,0,0,Other Vehicular,Unspecified,,,,4740954,Sedan,E-Bike,,,
7/11/24,11:36,Missing,,40.823547,-73.95539,"(40.823547, -73.95539)",WEST 139 STREET,,,0,0,0,0,0,0,0,0,Unspecified,,,,,4741244,Sedan,,,,
7/15/24,21:30,Missing,,40.69601,-73.97345,"(40.69601, -73.97345)",BROOKLYN QUEENS EXPRESSWAY,,,0,0,0,0,0,0,0,0,Unspecified,,,,,4741319,Sedan,,,,
8/24/24,12:50,Missing,,,,,FOCH BOULEVARD,,,1,0,1,0,0,0,0,0,Failure to Yield Right-of-Way,,,,,4750871,Station Wagon/Sport Utility Vehicle,,,,
8/24/24,9:05,Missing,,,,,GOWANUS RAMP,,,0,0,0,0,0,0,0,0,Aggressive Driving/Road Rage,Unspecified,,,,4750254,Sedan,TRAILER,,,
1/14/24,6:45,Missing,,40.861862,-73.91275,"(40.861862, -73.91275)",WEST FORDHAM ROAD,,,1,0,0,0,0,0,1,0,Pavement Slippery,Unspecified,,,,4695098,Sedan,Sedan,,,
1/14/24,14:39,Missing,,40.758644,-73.981346,"(40.758644, -73.981346)",AVENUE OF THE AMERICAS,,,2,0,2,0,0,0,0,0,Aggressive Driving/Road Rage,,,,,4695782,Taxi,,,,
8/20/24,7:26,Missing,,,,,BERGEN STREET,,,1,0,0,0,1,0,0,0,Unsafe Lane Changing,Unsafe Lane Changing,,,,4750757,Bike,Sedan,,,
7/24/24,10:03,QUEENS,11373,40.73672,-73.88568,"(40.73672, -73.88568)",,,51-10     HILLYER STREET,0,0,0,0,0,0,0,0,Turning Improperly,Unspecified,,,,4743021,Sedan,Sedan,,,
8/4/24,0:51,BROOKLYN,11207,40.671066,-73.901436,"(40.671066, -73.901436)",PITKIN AVENUE,SNEDIKER AVENUE,,0,0,0,0,0,0,0,0,Unspecified,Unspecified,,,,4745149,Sedan,,,,
5/29/24,16:10,BROOKLYN,11203,40.65619,-73.9396,"(40.65619, -73.9396)",,,738       ALBANY AVENUE,2,0,0,0,0,0,2,0,Failure to Yield Right-of-Way,Unspecified,,,,4728859,Sedan,Sedan,,,
11/26/24,8:30,Missing,,40.71598,-73.97579,"(40.71598, -73.97579)",FDR DRIVE,,,0,0,0,0,0,0,0,0,Driver Inattention/Distraction,Unspecified,,,,4774335,Sedan,Sedan,,,
5/31/24,15:36,BROOKLYN,11214,40.591167,-73.984215,"(40.591167, -73.984215)",STILLWELL AVENUE,AVENUE W,,1,0,0,0,0,0,0,0,Passing or Lane Usage Improper,Unspecified,,,,4729200,Sedan,E-Bike,,,
5/25/24,14:03,BROOKLYN,11208,40.66842,-73.87792,"(40.66842, -73.87792)",,,900       NEW LOTS AVENUE,0,0,0,0,0,0,0,0,Passing or Lane Usage Improper,Unspecified,,,,4729267,Sedan,Sedan,,,
5/30/24,8:00,Missing,,40.56025,-74.16974,"(40.56025, -74.16974)",RICHMOND AVENUE,,,0,0,0,0,0,0,0,0,Driver Inattention/Distraction,Unspecified,,,,4728657,Sedan,Bus,,,
7/18/24,9:00,BROOKLYN,11224,40.574333,-73.99733,"(40.574333, -73.99733)",,,2929      WEST 31 STREET,0,0,0,0,0,0,0,0,Unspecified,,,,,4741651,Sedan,,,,
7/16/24,13:29,Missing,,,,,31 STREET,ASTORIA BOULEVARD,,1,0,1,0,0,0,0,0,Unsafe Lane Changing,,,,,4741630,Moped,,,,
7/18/24,8:40,Missing,,40.6999,-73.96168,"(40.6999, -73.96168)",KENT AVENUE,,,1,0,0,0,0,0,1,0,Unspecified,Unspecified,,,,4741705,Tanker,Sedan,,,
7/17/24,17:10,BROOKLYN,11208,40.68662,-73.86916,"(40.68662, -73.86916)",O BRIEN PLACE,NICHOLS AVENUE,,0,0,0,0,0,0,0,0,Unspecified,,,,,4741157,Sedan,,,,
7/18/24,16:50,Missing,,40.686577,-73.947464,"(40.686577, -73.947464)",GATES AVENUE,,,1,0,0,0,0,0,1,0,Driver Inexperience,Unspecified,,,,4742317,Sedan,Box Truck,,,
8/23/24,16:30,Missing,,,,,20 AVENUE,,,4,0,0,0,0,0,4,0,Unspecified,Unspecified,,,,4750663,Sedan,Box Truck,,,
8/3/24,7:30,QUEENS,11377,40.747814,-73.907394,"(40.747814, -73.907394)",,,39-14     56 STREET,0,0,0,0,0,0,0,0,Driver Inattention/Distraction,Unspecified,,,,4745593,Moped,,,,
5/31/24,5:31,MANHATTAN,10011,40.741665,-74.00114,"(40.741665, -74.00114)",WEST 17 STREET,8 AVENUE,,1,0,1,0,0,0,0,0,Driver Inattention/Distraction,,,,,4729468,,,,,
5/26/24,17:14,QUEENS,11354,40.760464,-73.826546,"(40.760464, -73.826546)",UNION STREET,ROOSEVELT AVENUE,,0,0,0,0,0,0,0,0,Following Too Closely,Unspecified,,,,4729207,Sedan,Sedan,,,
1/16/24,16:30,BROOKLYN,11208,40.679844,-73.87985,"(40.679844, -73.87985)",,,219       HALE AVENUE,0,0,0,0,0,0,0,0,Unspecified,Unspecified,,,,4696658,Sedan,,,,
1/18/24,8:00,Missing,,40.672062,-73.925255,"(40.672062, -73.925255)",PARK PLACE,,,0,0,0,0,0,0,0,0,Following Too Closely,Unspecified,,,,4696661,Sedan,Bus,,,
1/17/24,17:20,Missing,,40.672966,-73.941864,"(40.672966, -73.941864)",PARK PLACE,,,4,0,0,0,0,0,4,0,Failure to Yield Right-of-Way,Unspecified,,,,4695852,Sedan,Sedan,,,
1/12/24,16:18,BROOKLYN,11226,40.652744,-73.94802,"(40.652744, -73.94802)",,,305       LINDEN BOULEVARD,0,0,0,0,0,0,0,0,Unspecified,,,,,4696711,Sedan,,,,
1/19/24,17:08,BROOKLYN,11207,,,,ATLANTIC AVENUE,HENDRIX STREET,,0,0,0,0,0,0,0,0,Driver Inattention/Distraction,,,,,4696637,Station Wagon/Sport Utility Vehicle,,,,
1/20/24,0:00,Missing,,,,,EAST 34 STREET,QUEENS MIDTOWN TUNNEL ENTRANCE,,0,0,0,0,0,0,0,0,Driver Inattention/Distraction,Unspecified,,,,4696317,Pick-up Truck,Station Wagon/Sport Utility Vehicle,,,
5/29/24,21:30,BRONX,10451,40.827812,-73.925934,"(40.827812, -73.925934)",EAST 161 STREET,RIVER AVENUE,,1,0,0,0,1,0,0,0,Driver Inattention/Distraction,Unspecified,,,,4728534,Sedan,Bike,,,
5/31/24,14:20,Missing,,40.79539,-73.97707,"(40.79539, -73.97707)",HENRY HUDSON PARKWAY,,,1,0,0,0,0,0,1,0,Following Too Closely,Unspecified,Unspecified,,,4729085,Taxi,Sedan,Sedan,,
6/29/24,8:15,Missing,,40.900925,-73.88852,"(40.900925, -73.88852)",HENRY HUDSON PARKWAY,,,1,0,0,0,0,0,1,0,Unspecified,Unspecified,,,,4742352,Sedan,Sedan,,,
1/21/24,8:00,Missing,,40.86177,-73.91848,"(40.86177, -73.91848)",WEST 204 STREET,,,0,0,0,0,0,0,0,0,Driver Inattention/Distraction,Unspecified,,,,4697007,Taxi,,,,
5/30/24,22:20,QUEENS,11102,40.76615,-73.919785,"(40.76615, -73.919785)",33 STREET,30 AVENUE,,1,0,0,0,0,0,1,0,Failure to Yield Right-of-Way,Unspecified,,,,4729437,Sedan,Motorscooter,,,
5/31/24,17:15,Missing,,40.6915,-73.90956,"(40.6915, -73.90956)",HALSEY STREET,,,0,0,0,0,0,0,0,0,Driver Inattention/Distraction,Unspecified,,,,4729138,Station Wagon/Sport Utility Vehicle,Bus,,,
5/29/24,18:00,BROOKLYN,11204,40.62945,-73.979866,"(40.62945, -73.979866)",18 AVENUE,47 STREET,,1,0,1,0,0,0,0,0,Driver Inattention/Distraction,,,,,4728492,Sedan,,,,
5/28/24,13:00,BROOKLYN,11212,40.657257,-73.91229,"(40.657257, -73.91229)",,,42        LOTT AVENUE,0,0,0,0,0,0,0,0,Unspecified,,,,,4728824,Sedan,,,,
1/9/24,18:30,QUEENS,11432,40.70467,-73.80566,"(40.70467, -73.80566)",150 STREET,89 AVENUE,,1,0,1,0,0,0,0,0,,,,,,4697429,,,,,
1/19/24,7:30,BROOKLYN,11226,40.64319,-73.95649,"(40.64319, -73.95649)",,,330       EAST 22 STREET,0,0,0,0,0,0,0,0,Unspecified,,,,,4697298,Sedan,,,,
5/30/24,19:25,MANHATTAN,10022,40.759617,-73.961975,"(40.759617, -73.961975)",1 AVENUE,EAST 59 STREET,,1,0,0,0,1,0,0,0,Failure to Yield Right-of-Way,Unspecified,,,,4729027,Sedan,Bike,,,
5/29/24,9:06,MANHATTAN,10029,40.786808,-73.94524,"(40.786808, -73.94524)",2 AVENUE,EAST 100 STREET,,0,0,0,0,0,0,0,0,Following Too Closely,Unspecified,,,,4729019,Van,Van,,,
5/29/24,8:53,BROOKLYN,11233,40.682106,-73.909065,"(40.682106, -73.909065)",BROADWAY,MARION STREET,,0,0,0,0,0,0,0,0,Driver Inattention/Distraction,Unspecified,,,,4728510,Sedan,Sedan,,,
5/28/24,22:00,MANHATTAN,10040,40.85798,-73.93091,"(40.85798, -73.93091)",WEST 193 STREET,BROADWAY TERRACE,,0,0,0,0,0,0,0,0,Oversized Vehicle,Unspecified,,,,4729351,Box Truck,Sedan,,,
5/30/24,18:40,QUEENS,11367,40.728622,-73.81515,"(40.728622, -73.81515)",,,71-93     KISSENA BOULEVARD,0,0,0,0,0,0,0,0,Backing Unsafely,Unspecified,,,,4728749,Sedan,Sedan,,,
7/4/24,22:40,QUEENS,11368,40.74935,-73.85807,"(40.74935, -73.85807)",108 STREET,42 AVENUE,,1,0,1,0,0,0,0,0,Unspecified,,,,,4743023,Sedan,,,,
7/23/24,6:55,Missing,,40.745754,-73.73044,"(40.745754, -73.73044)",GRAND CENTRAL PKWY,,,0,0,0,0,0,0,0,0,Backing Unsafely,Unspecified,,,,4742365,Sedan,Sedan,,,
5/30/24,10:44,QUEENS,11372,40.751785,-73.88469,"(40.751785, -73.88469)",82 STREET,35 AVENUE,,0,0,0,0,0,0,0,0,Unspecified,,,,,4729036,Tractor Truck Diesel,Box Truck,,,
5/30/24,15:40,BROOKLYN,11237,40.705677,-73.926094,"(40.705677, -73.926094)",IRVING AVENUE,FLUSHING AVENUE,,0,0,0,0,0,0,0,0,Backing Unsafely,Unspecified,,,,4729135,Sedan,Box Truck,,,
5/30/24,13:30,Missing,,40.83609,-73.87039,"(40.83609, -73.87039)",CROSS BRONX EXPY,,,0,0,0,0,0,0,0,0,Unspecified,Unspecified,,,,4728903,Station Wagon/Sport Utility Vehicle,Box Truck,,,
5/24/24,11:30,Missing,,40.826836,-73.92263,"(40.826836, -73.92263)",EAST 161 STREET,,,0,0,0,0,0,0,0,0,Driver Inattention/Distraction,Unspecified,,,,4729021,Sedan,Sedan,,,
5/29/24,8:22,Missing,,,,,EAST 34 STREET,QUEENS MIDTOWN TUNNEL ENTRANCE,,1,0,0,0,0,0,1,0,Driver Inattention/Distraction,Unspecified,,,,4728377,Station Wagon/Sport Utility Vehicle,Station Wagon/Sport Utility Vehicle,,,
7/18/24,19:30,Missing,,,,,GOWANUS RAMP,,,1,0,0,0,0,0,1,0,Driver Inattention/Distraction,Driver Inattention/Distraction,,,,4743060,Motorcycle,Station Wagon/Sport Utility Vehicle,,,
1/23/24,8:17,Missing,,,,,JEROME AVENUE,CROMWELL AVENUE,,0,0,0,0,0,0,0,0,Failure to Yield Right-of-Way,Unspecified,,,,4697588,Station Wagon/Sport Utility Vehicle,Station Wagon/Sport Utility Vehicle,,,
1/23/24,15:20,BRONX,10460,40.83753,-73.86821,"(40.83753, -73.86821)",,,1486      SAINT LAWRENCE AVENUE,0,0,0,0,0,0,0,0,Unspecified,,,,,4697651,Sedan,,,,
5/31/24,19:23,QUEENS,11378,40.728966,-73.89559,"(40.728966, -73.89559)",69 STREET,54 AVENUE,,1,0,0,0,1,0,0,0,Passing or Lane Usage Improper,Unspecified,,,,4729428,Bike,Sedan,,,
8/23/24,22:30,Missing,,,,,PARSONS BOULEVARD,,,0,0,0,0,0,0,0,0,Failure to Yield Right-of-Way,Unspecified,,,,4750667,Station Wagon/Sport Utility Vehicle,Sedan,,,
8/24/24,2:30,Missing,,0,0,"(0.0, 0.0)",LEFFERTS BOULEVARD,,,0,0,0,0,0,0,0,0,Following Too Closely,Unspecified,,,,4750559,Station Wagon/Sport Utility Vehicle,,,,
8/23/24,14:14,Missing,,,,,EASTERN PARKWAY,,,0,0,0,0,0,0,0,0,Following Too Closely,Unspecified,,,,4750717,Station Wagon/Sport Utility Vehicle,Station Wagon/Sport Utility Vehicle,,,
8/19/24,16:45,Missing,,,,,WEST 128 STREET,,,0,0,0,0,0,0,0,0,Pedestrian/Bicyclist/Other Pedestrian Error/Confusion,Unspecified,,,,4750641,Sedan,,,,
7/2/24,16:15,QUEENS,11414,40.65958,-73.83705,"(40.65958, -73.83705)",96 STREET,159 AVENUE,,1,0,1,0,0,0,0,0,Other Vehicular,,,,,4738204,,,,,
1/1/24,18:34,Missing,,,,,CHURCH AVENUE,OCEAN PARKWAY,,0,0,0,0,0,0,0,0,Unspecified,Unspecified,,,,4691979,Station Wagon/Sport Utility Vehicle,Station Wagon/Sport Utility Vehicle,,,
7/4/24,0:55,BROOKLYN,11230,40.63499,-73.96755,"(40.63499, -73.96755)",,,911       CONEY ISLAND AVENUE,1,0,1,0,0,0,0,0,,,,,,4738379,,,,,
6/28/24,6:45,Missing,,40.829735,-73.938644,"(40.829735, -73.938644)",WEST 155 STREET,,,0,0,0,0,0,0,0,0,Unspecified,,,,,4738596,Station Wagon/Sport Utility Vehicle,,,,
6/25/24,14:07,MANHATTAN,10002,40.71446,-73.98535,"(40.71446, -73.98535)",EAST BROADWAY,MONTGOMERY STREET,,1,0,0,0,1,0,0,0,Unspecified,,,,,4738153,Bike,,,,
8/24/24,14:10,Missing,,,,,CROSS BRONX EXPRESSWAY,,,0,0,0,0,0,0,0,0,Driver Inattention/Distraction,Unspecified,Unspecified,,,4750366,Station Wagon/Sport Utility Vehicle,Van,Station Wagon/Sport Utility Vehicle,,
6/28/24,8:30,MANHATTAN,10039,40.82737,-73.937096,"(40.82737, -73.937096)",,,256       WEST 153 STREET,0,0,0,0,0,0,0,0,Other Vehicular,,,,,4738608,Sedan,,,,
7/3/24,0:05,QUEENS,11369,40.76336,-73.87156,"(40.76336, -73.87156)",,,25-56     98 STREET,0,0,0,0,0,0,0,0,Unspecified,,,,,4737978,Sedan,,,,
8/24/24,12:45,Missing,,40.726448,-73.75632,"(40.726448, -73.75632)",GRAND CENTRAL PKWY,,,0,0,0,0,0,0,0,0,Unspecified,Unspecified,,,,4750243,Station Wagon/Sport Utility Vehicle,Station Wagon/Sport Utility Vehicle,,,
8/1/24,13:41,BROOKLYN,11235,40.57688,-73.95288,"(40.57688, -73.95288)",WEST END AVENUE,ORIENTAL BOULEVARD,,1,0,0,0,0,0,1,0,Unspecified,Unspecified,,,,4744654,Sedan,PK,,,
8/16/24,20:13,BROOKLYN,11230,40.629986,-73.97157,"(40.629986, -73.97157)",FOSTER AVENUE,OCEAN PARKWAY,,1,0,0,0,1,0,0,0,Driver Inattention/Distraction,Unspecified,,,,4749005,Sedan,Bike,,,
5/25/24,2:36,QUEENS,11412,40.697052,-73.75734,"(40.697052, -73.75734)",196 STREET,115 AVENUE,,1,0,0,0,0,0,1,0,Unspecified,Unspecified,,,,4727346,Station Wagon/Sport Utility Vehicle,Sedan,,,
6/26/24,14:00,BRONX,10472,40.82763,-73.855484,"(40.82763, -73.855484)",,,2019      CHATTERTON AVENUE,0,0,0,0,0,0,0,0,Unspecified,,,,,4738128,Sedan,,,,
4/21/24,10:45,BRONX,10460,40.850666,-73.88243,"(40.850666, -73.88243)",,,2300      SOUTHERN BOULEVARD,0,0,0,0,0,0,0,0,Unspecified,,,,,4727790,Station Wagon/Sport Utility Vehicle,,,,
7/10/24,10:05,BROOKLYN,11212,40.660866,-73.91529,"(40.660866, -73.91529)",,,807       SARATOGA AVENUE,0,0,0,0,0,0,0,0,Driver Inattention/Distraction,Unspecified,Unspecified,,,4750721,Sedan,Station Wagon/Sport Utility Vehicle,,,
8/24/24,20:00,Missing,,40.709827,-73.83983,"(40.709827, -73.83983)",JACKIE ROBINSON PKWY,,,0,0,0,0,0,0,0,0,Unsafe Lane Changing,Unspecified,,,,4750230,Chassis Cab,Station Wagon/Sport Utility Vehicle,,,
8/16/24,17:24,Missing,,,,,NOSTRAND AVENUE,,,1,0,0,0,0,0,0,0,Failure to Yield Right-of-Way,Unspecified,,,,4750732,Station Wagon/Sport Utility Vehicle,E-Scooter,,,
8/22/24,23:13,Missing,,,,,BRONX RIVER PARKWAY,,,0,0,0,0,0,0,0,0,Steering Failure,,,,,4750764,Sedan,,,,
8/24/24,1:09,Missing,,40.823032,-73.95738,"(40.823032, -73.95738)",HENRY HUDSON PARKWAY,,,0,0,0,0,0,0,0,0,Passing or Lane Usage Improper,Unspecified,Unspecified,,,4750325,Sedan,Sedan,,,
8/24/24,1:20,Missing,,,,,WEST 180 STREET,,,0,0,0,0,0,0,0,0,Driver Inexperience,Unspecified,Unspecified,,,4750518,Station Wagon/Sport Utility Vehicle,Station Wagon/Sport Utility Vehicle,Station Wagon/Sport Utility Vehicle,,
6/26/24,14:35,Missing,,40.701027,-73.94813,"(40.701027, -73.94813)",HARRISON AVENUE,,,1,0,1,0,0,0,0,0,Driver Inattention/Distraction,,,,,4738715,Sedan,,,,
6/27/24,8:10,Missing,,40.700424,-73.9444,"(40.700424, -73.9444)",FLUSHING AVENUE,,,1,0,0,0,1,0,0,0,Traffic Control Disregarded,Unspecified,,,,4738746,Sedan,Bike,,,
7/5/24,2:16,Missing,,40.729996,-73.91187,"(40.729996, -73.91187)",LONG ISLAND EXPRESSWAY,,,2,0,0,0,0,0,2,0,Unspecified,,,,,4738654,Sedan,,,,
7/4/24,13:40,Missing,,,,,WILLIAMSBURG BRIDGE INNER ROADWA,,,1,0,0,0,0,0,1,0,Driver Inexperience,Unspecified,,,,4738837,Sedan,Sedan,,,
8/19/24,23:23,Missing,,,,,G.C.P. / LAGUARDIA (CDR),,,0,0,0,0,0,0,0,0,Driver Inattention/Distraction,Unspecified,,,,4750785,Station Wagon/Sport Utility Vehicle,Sedan,,,
11/20/24,17:30,MANHATTAN,10036,40.75979,-73.98792,"(40.75979, -73.98792)",W 46 ST,8 AVE,,1,0,1,0,0,0,0,0,Unspecified,,,,,4772881,Sedan,,,,
1/5/24,17:12,Missing,,40.601948,-73.99382,"(40.601948, -73.99382)",86 STREET,,,1,0,1,0,0,0,0,0,Driver Inattention/Distraction,,,,,4692960,Sedan,,,,
1/4/24,5:00,Missing,,40.842358,-73.91223,"(40.842358, -73.91223)",GRAND CONCOURSE,,,0,0,0,0,0,0,0,0,Passing or Lane Usage Improper,Unspecified,,,,4692751,Sedan,,,,
1/3/24,10:45,Missing,,40.717445,-74.00354,"(40.717445, -74.00354)",BROADWAY,,,0,0,0,0,0,0,0,0,Brakes Defective,Unspecified,,,,4693138,Sedan,Bus,,,
7/1/24,13:00,Missing,,40.598392,-73.90629,"(40.598392, -73.90629)",BELT PARKWAY,,,0,0,0,0,0,0,0,0,Following Too Closely,Unspecified,,,,4739380,Sedan,Pick-up Truck,,,
7/6/24,14:30,QUEENS,11435,40.704876,-73.81279,"(40.704876, -73.81279)",143 STREET,HILLSIDE AVENUE,,0,0,0,0,0,0,0,0,Unspecified,,,,,4739262,Sedan,,,,
8/15/24,15:30,Missing,,,,,BRONX WHITESTONE BRIDGE,,,0,0,0,0,0,0,0,0,Following Too Closely,Unspecified,,,,4750684,Sedan,Sedan,,,
8/24/24,14:50,Missing,,40.773327,-73.76503,"(40.773327, -73.76503)",CROSS ISLAND PARKWAY,,,0,0,0,0,0,0,0,0,Following Too Closely,Following Too Closely,Unspecified,,,4750849,Sedan,,,,
11/30/24,11:05,BROOKLYN,11208,40.67818,-73.8707,"(40.67818, -73.8707)",LIBERTY AVE,CRESCENT ST,,0,0,0,0,0,0,0,0,Unsafe Speed,Unspecified,,,,4775297,Sedan,,,,
11/30/24,20:30,Missing,,,,,FDR DRIVE EXIT 7 SOUTHBOUND,E 25 STREET PEDESTRIAN OPAS,,0,0,0,0,0,0,0,0,Other Vehicular,Driver Inexperience,,,,4775599,Sedan,Sedan,,,
11/13/24,9:00,MANHATTAN,10019,40.770313,-73.9914,"(40.770313, -73.9914)",W 57 ST,11 AVE,,1,0,1,0,0,0,0,0,Unspecified,,,,,4775704,Taxi,,,,
8/23/24,21:00,Missing,,40.784702,-73.824615,"(40.784702, -73.824615)",WHITESTONE EXPRESSWAY,,,1,0,0,0,0,0,1,0,Unspecified,Unspecified,Unspecified,,,4750666,Station Wagon/Sport Utility Vehicle,Sedan,Station Wagon/Sport Utility Vehicle,,
8/16/24,11:40,Missing,,,,,WEST 24 STREET,,,2,0,0,0,0,0,2,0,View Obstructed/Limited,Oversized Vehicle,,,,4750710,Box Truck,Sedan,,,
8/24/24,13:30,Missing,,40.732243,-73.87013,"(40.732243, -73.87013)",LONG ISLAND EXPRESSWAY,,,1,0,0,0,0,0,1,0,Unspecified,Unspecified,,,,4750276,Sedan,Sedan,,,
8/15/24,18:52,Missing,,,,,MOSHOLU PARKWAY,BRONX BOTANICAL GARDENS,,0,0,0,0,0,0,0,0,Unspecified,,,,,4750858,Sedan,,,,
8/22/24,11:30,Missing,,40.774563,-73.94309,"(40.774563, -73.94309)",FDR DRIVE,,,0,0,0,0,0,0,0,0,Following Too Closely,,,,,4750765,Station Wagon/Sport Utility Vehicle,,,,
8/24/24,16:47,Missing,,,,,EAST 66 STREET,,,1,0,1,0,0,0,0,0,Driver Inattention/Distraction,,,,,4750541,Pick-up Truck,,,,
7/29/24,10:50,Missing,,,,,ELDERTS LANE,,,1,0,0,0,0,0,0,0,Driver Inattention/Distraction,Driver Inattention/Distraction,,,,4743863,E-Scooter,Station Wagon/Sport Utility Vehicle,,,
8/24/24,19:32,Missing,,,,,EMPIRE BOULEVARD,,,1,0,0,0,1,0,0,0,Unsafe Speed,Unspecified,,,,4750742,Sedan,E-Bike,,,
8/23/24,20:05,Missing,,,,,12 AVENUE,,,0,0,0,0,0,0,0,0,View Obstructed/Limited,,,,,4750715,Station Wagon/Sport Utility Vehicle,,,,
8/24/24,7:15,Missing,,40.79184,-73.823524,"(40.79184, -73.823524)",WHITESTONE EXPRESSWAY,,,2,0,0,0,0,0,2,0,Oversized Vehicle,Driver Inexperience,,,,4750670,Tractor Truck Diesel,Sedan,,,
8/24/24,14:30,Missing,,,,,MARCUS GARVEY BOULEVARD,,,2,0,2,0,0,0,0,0,Backing Unsafely,,,,,4750437,Sedan,,,,
1/31/24,9:30,BRONX,10454,40.80808,-73.92838,"(40.80808, -73.92838)",,,280       EAST 134 STREET,0,0,0,0,0,0,0,0,Unspecified,Unspecified,,,,4700544,Taxi,,,,
8/24/24,23:30,Missing,,40.67812,-74.00316,"(40.67812, -74.00316)",BROOKLYN QUEENS EXPRESSWAY,,,2,0,0,0,0,0,2,0,Unsafe Lane Changing,Unspecified,,,,4750533,Station Wagon/Sport Utility Vehicle,,,,
5/21/24,19:00,QUEENS,11372,40.755554,-73.885376,"(40.755554, -73.885376)",82 STREET,NORTHERN BOULEVARD,,1,0,0,0,0,0,1,0,Unspecified,Unspecified,,,,4727826,Station Wagon/Sport Utility Vehicle,Bus,,,
5/25/24,1:14,Missing,,40.69193,-73.91031,"(40.69193, -73.91031)",WILSON AVENUE,,,1,0,1,0,0,0,0,0,Aggressive Driving/Road Rage,,,,,4727385,Sedan,,,,
7/29/24,16:12,Missing,,40.71664,-73.97561,"(40.71664, -73.97561)",FDR DRIVE,,,0,0,0,0,0,0,0,0,Unspecified,Unspecified,,,,4743903,Sedan,Sedan,,,
6/2/24,14:27,BROOKLYN,11220,40.64479,-74.01433,"(40.64479, -74.01433)",53 STREET,4 AVENUE,,0,0,0,0,0,0,0,0,Driver Inattention/Distraction,Unspecified,,,,4729295,Sedan,,,,
8/23/24,6:30,Missing,,40.789204,-73.78038,"(40.789204, -73.78038)",CROSS ISLAND PARKWAY,,,1,0,0,0,0,0,1,0,Reaction to Uninvolved Vehicle,Reaction to Uninvolved Vehicle,,,,4750657,Station Wagon/Sport Utility Vehicle,Station Wagon/Sport Utility Vehicle,,,
7/27/24,21:50,Missing,,,,,ANTHONY AVENUE,,,1,0,0,0,0,0,1,0,Unsafe Speed,Unspecified,,,,4744378,Sedan,Moped,,,
2/4/24,7:00,Missing,,40.756317,-73.83369,"(40.756317, -73.83369)",COLLEGE POINT BOULEVARD,,,0,0,0,0,0,0,0,0,Passing Too Closely,,,,,4700054,Sedan,,,,
1/28/24,17:06,Missing,,40.741547,-73.98958,"(40.741547, -73.98958)",EAST 23 STREET,,,1,0,1,0,0,0,0,0,Failure to Yield Right-of-Way,,,,,4700832,Sedan,,,,
8/24/24,7:45,Missing,,40.74233,-73.83764,"(40.74233, -73.83764)",VAN WYCK EXPWY,,,3,0,0,0,0,0,3,0,Unsafe Lane Changing,Unspecified,,,,4750191,Sedan,Dump,,,
8/22/24,17:05,Missing,,,,,TRIBOROUGH BRIDGE,,,0,0,0,0,0,0,0,0,Unsafe Lane Changing,Unspecified,,,,4750727,Sedan,subn,,,
7/30/24,9:36,Missing,,,,,UTICA AVENUE,,,0,0,0,0,0,0,0,0,Driver Inattention/Distraction,,,,,4744270,Station Wagon/Sport Utility Vehicle,,,,
8/24/24,12:00,Missing,,,,,HOWARD AVENUE,,,0,0,0,0,0,0,0,0,Driver Inattention/Distraction,Unspecified,,,,4750424,Station Wagon/Sport Utility Vehicle,,,,
8/24/24,13:20,Missing,,40.62348,-74.019936,"(40.62348, -74.019936)",BROOKLYN QUEENS EXPRESSWAY,,,0,1,0,0,0,0,0,1,Unsafe Speed,Unspecified,,,,4750223,Motorcycle,Dump,,,
8/24/24,22:40,Missing,,,,,147 STREET,,,0,0,0,0,0,0,0,0,Passing or Lane Usage Improper,Unspecified,,,,4750674,Pick-up Truck,Station Wagon/Sport Utility Vehicle,,,
8/24/24,17:53,Missing,,,,,HUTCHINSON RIVER PARKWAY,,,1,0,0,0,0,0,1,0,Alcohol Involvement,Unspecified,,,,4750332,Station Wagon/Sport Utility Vehicle,Station Wagon/Sport Utility Vehicle,,,
6/2/24,0:01,MANHATTAN,10002,40.721233,-73.98778,"(40.721233, -73.98778)",LUDLOW STREET,STANTON STREET,,0,0,0,0,0,0,0,0,Unspecified,Unspecified,,,,4729125,FD Ambulan,Sedan,,,
7/30/24,0:01,Missing,,,,,PIDGEON MEADOW ROAD,46 AVENUE,,1,0,0,0,0,0,1,0,Traffic Control Disregarded,Unspecified,,,,4744238,Station Wagon/Sport Utility Vehicle,Station Wagon/Sport Utility Vehicle,,,
8/23/24,12:28,Missing,,,,,TRIBOROUGH BRIDGE,,,2,0,0,0,0,0,2,0,Following Too Closely,Unspecified,,,,4750728,Motorcycle,,,,
2/5/24,12:37,Missing,,40.590218,-74.164986,"(40.590218, -74.164986)",,,456       NOME AVENUE,0,0,0,0,0,0,0,0,Backing Unsafely,Backing Unsafely,,,,4700446,Sedan,Sedan,,,
1/26/24,14:48,BROOKLYN,11223,40.60059,-73.96137,"(40.60059, -73.96137)",CONEY ISLAND AVENUE,AVENUE T,,0,1,0,1,0,0,0,0,Unspecified,,,,,4698058,Sedan,,,,
7/26/24,0:40,Missing,,,,,BOWNE STREET,,,0,0,0,0,0,0,0,0,Unspecified,,,,,4744559,Taxi,,,,
6/2/24,20:22,QUEENS,11385,40.700592,-73.85457,"(40.700592, -73.85457)",FOREST PARK DRIVE,WOODHAVEN BOULEVARD,,1,0,1,0,0,0,0,0,Failure to Yield Right-of-Way,,,,,4729492,Sedan,,,,
6/2/24,18:00,Missing,,40.626205,-74.135925,"(40.626205, -74.135925)",,,40        CORNELL STREET,0,0,0,0,0,0,0,0,Unspecified,Unspecified,,,,4729745,Pick-up Truck,Station Wagon/Sport Utility Vehicle,,,
6/1/24,14:30,Missing,,40.84211,-73.82557,"(40.84211, -73.82557)",BRUCKNER EXPRESSWAY,,,0,0,0,0,0,0,0,0,Following Too Closely,Unsafe Speed,Unsafe Speed,Unspecified,,4730041,Taxi,Sedan,Sedan,,
5/31/24,1:03,Missing,,,,,VERRAZANO BRIDGE UPPER,,,4,0,0,0,0,0,4,0,Unsafe Lane Changing,Unspecified,,,,4729946,Station Wagon/Sport Utility Vehicle,Sedan,,,
6/2/24,4:50,BROOKLYN,11212,40.667706,-73.90636,"(40.667706, -73.90636)",STONE AVENUE,SUTTER AVENUE,,0,0,0,0,0,0,0,0,Unspecified,,,,,4729653,Sedan,,,,
7/19/24,22:08,MANHATTAN,10006,40.710064,-74.013695,"(40.710064, -74.013695)",CEDAR STREET,WASHINGTON STREET,,1,0,1,0,0,0,0,0,Backing Unsafely,,,,,4743198,,,,,
7/25/24,18:25,Missing,,,,,ARDEN AVENUE,DOVER GREEN,,0,0,0,0,0,0,0,0,Driver Inattention/Distraction,Unspecified,,,,4743217,Sedan,Sedan,,,
8/24/24,14:55,Missing,,,,,VERMONT PLACE,,,1,0,0,0,0,0,1,0,Driver Inattention/Distraction,Driver Inattention/Distraction,Unspecified,,,4750456,Station Wagon/Sport Utility Vehicle,Station Wagon/Sport Utility Vehicle,Station Wagon/Sport Utility Vehicle,,
8/24/24,20:00,Missing,,,,,FULTON STREET,,,2,0,0,0,0,0,2,0,Driver Inattention/Distraction,Unspecified,,,,4750431,Sedan,Motorcycle,,,
7/26/24,4:40,Missing,,,,,GOWANUS RAMP,,,1,0,0,0,0,0,1,0,Driver Inattention/Distraction,Unspecified,,,,4743232,Station Wagon/Sport Utility Vehicle,Station Wagon/Sport Utility Vehicle,,,
8/24/24,2:25,Missing,,40.840496,-73.94599,"(40.840496, -73.94599)",HENRY HUDSON PARKWAY,,,4,2,0,0,0,0,4,2,Passing or Lane Usage Improper,Unspecified,Unspecified,Unspecified,,4750210,Pick-up Truck,Sedan,Sedan,Station Wagon/Sport Utility Vehicle,
8/24/24,20:53,Missing,,,,,WEST 125 STREET,,,0,0,0,0,0,0,0,0,Traffic Control Disregarded,Unspecified,,,,4750292,Station Wagon/Sport Utility Vehicle,Bike,,,
8/14/24,13:10,Missing,,,,,BROOKLYN BATTERY TUNNEL,,,2,0,0,0,0,0,2,0,Unsafe Lane Changing,Unspecified,,,,4750787,Station Wagon/Sport Utility Vehicle,Sedan,,,
8/24/24,13:57,Missing,,40.879196,-73.817566,"(40.879196, -73.817566)",HUTCHINSON RIVER PARKWAY,,,0,0,0,0,0,0,0,0,Driver Inexperience,Unsafe Lane Changing,,,,4750766,Station Wagon/Sport Utility Vehicle,Sedan,,,
8/24/24,22:00,Missing,,40.60413,-74.02015,"(40.60413, -74.02015)",BELT PARKWAY,,,0,0,0,0,0,0,0,0,Unspecified,,,,,4750615,Sedan,,,,
8/23/24,19:20,Missing,,,,,166 STREET,,,0,0,0,0,0,0,0,0,Failure to Yield Right-of-Way,Unspecified,,,,4750664,Station Wagon/Sport Utility Vehicle,Station Wagon/Sport Utility Vehicle,,,
8/23/24,1:23,Missing,,40.77162,-73.87477,"(40.77162, -73.87477)",GRAND CENTRAL PKWY,,,2,0,0,0,0,0,2,0,Reaction to Uninvolved Vehicle,Unspecified,,,,4750801,Sedan,Sedan,,,
8/24/24,12:30,Missing,,,,,JOHNSON STREET,,,0,0,0,0,0,0,0,0,Driver Inexperience,Unspecified,,,,4750198,Box Truck,Sedan,,,
7/22/24,13:30,BROOKLYN,11236,40.635506,-73.913284,"(40.635506, -73.913284)",FLATLANDS AVENUE,EAST 80 STREET,,1,0,1,0,0,0,0,0,,,,,,4743352,,,,,
8/21/24,16:09,Missing,,,,,TRIBOROUGH BRIDGE,,,0,0,0,0,0,0,0,0,Following Too Closely,Unspecified,,,,4750707,Sedan,subn,,,
7/15/24,7:44,BRONX,10455,40.81429,-73.899734,"(40.81429, -73.899734)",LEGGETT AVENUE,FOX STREET,,0,0,0,0,0,0,0,0,Unspecified,,,,,4743503,Sedan,,,,
5/25/24,16:00,Missing,,40.744717,-73.86786,"(40.744717, -73.86786)",JUNCTION BOULEVARD,45 AVENUE,,0,0,0,0,0,0,0,0,Passing or Lane Usage Improper,Unspecified,,,,4727433,Station Wagon/Sport Utility Vehicle,Moped,,,
8/11/24,7:00,Missing,,40.820137,-73.89029,"(40.820137, -73.89029)",BRUCKNER EXPRESSWAY,,,1,0,0,0,0,0,1,0,Driver Inattention/Distraction,Unspecified,,,,4750761,Station Wagon/Sport Utility Vehicle,Station Wagon/Sport Utility Vehicle,,,
8/24/24,23:30,Missing,,,,,45 AVENUE,,,2,0,0,0,0,0,2,0,Traffic Control Disregarded,Traffic Control Disregarded,,,,4750675,Sedan,Station Wagon/Sport Utility Vehicle,,,
8/24/24,18:10,Missing,,,,,WILLIAMSBURG BRIDGE INNER ROADWA,,,0,0,0,0,0,0,0,0,Driver Inattention/Distraction,,,,,4750393,Sedan,,,,
8/24/24,13:50,Missing,,40.716034,-73.80416,"(40.716034, -73.80416)",GRAND CENTRAL PKWY,,,0,0,0,0,0,0,0,0,Unspecified,Unspecified,,,,4750238,Sedan,Sedan,,,
8/24/24,9:30,Missing,,,,,JAMAICA AVENUE,,,1,0,1,0,0,0,0,0,Failure to Yield Right-of-Way,,,,,4750526,Sedan,,,,
8/24/24,17:41,Missing,,,,,CLARKSON STREET,,,2,0,0,0,2,0,0,0,Unspecified,Unspecified,,,,4750335,Bike,Bike,,,
8/24/24,19:11,Missing,,,,,WEST 51 STREET,,,0,0,0,0,0,0,0,0,Driver Inattention/Distraction,Unspecified,,,,4750236,Sedan,Bike,,,
8/22/24,21:57,Missing,,,,,MAIN STREET,,,1,0,0,0,0,0,0,0,Unspecified,Unspecified,,,,4750655,Station Wagon/Sport Utility Vehicle,E-Scooter,,,
8/24/24,11:44,Missing,,,,,SCHAEFER STREET,,,1,0,1,0,0,0,0,0,Pedestrian/Bicyclist/Other Pedestrian Error/Confusion,,,,,4750260,Station Wagon/Sport Utility Vehicle,,,,
3/6/24,19:45,Missing,,40.835808,-73.949455,"(40.835808, -73.949455)",HENRY HUDSON PARKWAY,,,0,0,0,0,0,0,0,0,Unspecified,,,,,4707931,Station Wagon/Sport Utility Vehicle,Station Wagon/Sport Utility Vehicle,,,
8/24/24,2:00,Missing,,,,,TOMPKINS AVENUE,,,1,0,1,0,0,0,0,0,Driver Inattention/Distraction,,,,,4750429,,,,,
1/26/24,5:15,QUEENS,11379,40.714622,-73.90117,"(40.714622, -73.90117)",ELIOT AVENUE,FRESH POND ROAD,,1,0,1,0,0,0,0,0,Unspecified,,,,,4698056,Bus,,,,
8/24/24,23:06,Missing,,40.843903,-73.927284,"(40.843903, -73.927284)",MAJOR DEEGAN EXPRESSWAY,,,0,0,0,0,0,0,0,0,Following Too Closely,Unspecified,,,,4750280,Station Wagon/Sport Utility Vehicle,,,,
1/25/24,7:10,Missing,,,,,LONG ISLAND EXPRESSWAY,188 STREET,,0,0,0,0,0,0,0,0,Driver Inattention/Distraction,Unspecified,,,,4697707,Sedan,Sedan,,,
8/24/24,10:30,Missing,,,,,MAIN STREET,,,0,0,0,0,0,0,0,0,Driver Inexperience,Unspecified,,,,4750680,Station Wagon/Sport Utility Vehicle,Station Wagon/Sport Utility Vehicle,,,
3/7/24,19:08,QUEENS,11426,40.73444,-73.72179,"(40.73444, -73.72179)",HILLSIDE AVENUE,COMMONWEALTH BOULEVARD,,1,0,1,0,0,0,0,0,Unspecified,,,,,4707938,,,,,
8/24/24,21:20,Missing,,40.604782,-74.070755,"(40.604782, -74.070755)",STATEN ISLAND EXPRESSWAY,,,0,0,0,0,0,0,0,0,Driver Inattention/Distraction,Unspecified,,,,4750241,Station Wagon/Sport Utility Vehicle,Station Wagon/Sport Utility Vehicle,,,
8/23/24,23:42,Missing,,40.76294,-73.86067,"(40.76294, -73.86067)",GRAND CENTRAL PKWY,,,0,0,0,0,0,0,0,0,Driver Inattention/Distraction,Unspecified,,,,4750783,Sedan,Sedan,,,
8/22/24,19:30,Missing,,,,,162 STREET,,,0,0,0,0,0,0,0,0,Unsafe Speed,Unspecified,,,,4750654,Sedan,,,,
8/23/24,17:40,Missing,,40.78076,-73.825424,"(40.78076, -73.825424)",WHITESTONE EXPRESSWAY,,,0,0,0,0,0,0,0,0,Passing Too Closely,Unspecified,,,,4750665,Sedan,Dump,,,
8/24/24,7:45,BROOKLYN,11201,,,,HICKS STREET,OLD FULTON STREET,,1,0,0,0,0,0,1,0,Driver Inattention/Distraction,Driver Inattention/Distraction,,,,4750448,Taxi,Pick-up Truck,,,
8/11/24,7:30,Missing,,40.820137,-73.89029,"(40.820137, -73.89029)",BRUCKNER EXPRESSWAY,,,0,0,0,0,0,0,0,0,Backing Unsafely,Unspecified,,,,4750762,Sedan,Taxi,,,
8/24/24,14:50,Missing,,40.76294,-73.86067,"(40.76294, -73.86067)",GRAND CENTRAL PKWY,,,1,0,0,0,0,0,1,0,Driver Inattention/Distraction,Unspecified,Unspecified,,,4750519,Sedan,Sedan,Sedan,,
6/21/24,18:35,Missing,,40.865143,-73.87204,"(40.865143, -73.87204)",BRONX RIVER PARKWAY,,,0,0,0,0,0,0,0,0,Following Too Closely,Unspecified,,,,4750660,Station Wagon/Sport Utility Vehicle,,,,
8/24/24,2:30,Missing,,40.665794,-73.7464,"(40.665794, -73.7464)",BELT PARKWAY,,,2,0,0,0,0,0,2,0,Following Too Closely,Unsafe Speed,Unspecified,,,4750405,Station Wagon/Sport Utility Vehicle,Sedan,Sedan,,
8/23/24,20:22,Missing,,,,,RUTLAND ROAD,,,3,0,0,0,0,0,3,0,Traffic Control Disregarded,Unspecified,Unspecified,,,4750725,Sedan,Sedan,Sedan,,
6/1/24,21:40,BROOKLYN,11212,40.66539,-73.9204,"(40.66539, -73.9204)",,,92        TAPSCOTT STREET,0,0,0,0,0,0,0,0,Unspecified,Unspecified,,,,4729366,Sedan,Sedan,,,
6/1/24,2:03,BROOKLYN,11205,40.689335,-73.95608,"(40.689335, -73.95608)",LAFAYETTE AVENUE,SKILLMAN STREET,,1,0,0,0,1,0,0,0,Driver Inattention/Distraction,,,,,4729530,Bike,,,,
5/31/24,10:15,QUEENS,11691,40.59781,-73.7831,"(40.59781, -73.7831)",,,51-10     ALMEDA AVENUE,1,0,0,0,0,0,1,0,Unspecified,Unspecified,,,,4729804,Garbage or Refuse,Sedan,,,
6/1/24,16:08,BROOKLYN,11238,40.682373,-73.96162,"(40.682373, -73.96162)",FULTON STREET,GRAND AVENUE,,1,0,0,0,0,0,1,0,Obstruction/Debris,,,,,4729665,Sedan,,,,
6/1/24,14:21,BROOKLYN,11236,40.634106,-73.906715,"(40.634106, -73.906715)",AVENUE K,EAST 84 STREET,,3,0,0,0,0,0,3,0,Driver Inattention/Distraction,Unspecified,,,,4729285,Sedan,Sedan,,,
5/29/24,13:30,Missing,,40.815205,-73.947495,"(40.815205, -73.947495)",WEST 133 STREET,,,0,0,0,0,0,0,0,0,Driverless/Runaway Vehicle,,,,,4729634,Sedan,,,,
6/1/24,14:47,MANHATTAN,10023,40.77048,-73.983864,"(40.77048, -73.983864)",COLUMBUS AVENUE,WEST 61 STREET,,1,0,1,0,0,0,0,0,Driver Inattention/Distraction,,,,,4729070,Sedan,,,,
6/1/24,9:00,Missing,,40.744526,-73.77161,"(40.744526, -73.77161)",CLEARVIEW EXPRESSWAY,,,3,0,0,0,0,0,3,0,Unspecified,Unspecified,,,,4729175,Station Wagon/Sport Utility Vehicle,Box Truck,,,
6/1/24,8:35,Missing,,40.726044,-73.90204,"(40.726044, -73.90204)",LONG ISLAND EXPRESSWAY,,,0,1,0,0,0,0,0,1,Traffic Control Disregarded,Unspecified,,,,4729766,Tractor Truck Diesel,Motorcycle,,,
7/26/24,15:23,Missing,,40.608543,-74.08886,"(40.608543, -74.08886)",STATEN ISLAND EXPRESSWAY,,,0,0,0,0,0,0,0,0,Following Too Closely,Unspecified,,,,4743728,Box Truck,,,,
1/27/24,9:00,Missing,,40.76727,-73.82905,"(40.76727, -73.82905)",LEAVITT STREET,,,0,0,0,0,0,0,0,0,Passing or Lane Usage Improper,Unspecified,,,,4698267,Sedan,,,,
1/27/24,17:09,Missing,,,,,VANWYCK EXPRESSWAY,LIBERTY AVENUE,,1,0,0,0,0,0,1,0,Failure to Yield Right-of-Way,Unspecified,,,,4698644,Sedan,Station Wagon/Sport Utility Vehicle,,,
1/25/24,12:30,MANHATTAN,10013,40.714344,-73.99958,"(40.714344, -73.99958)",,,26        MULBERRY STREET,0,0,0,0,0,0,0,0,Unspecified,,,,,4698664,Sedan,,,,
1/27/24,3:48,BROOKLYN,11207,40.682,-73.89134,"(40.682, -73.89134)",,,157       SUNNYSIDE AVENUE,1,0,0,0,0,0,1,0,Driver Inexperience,,,,,4698710,Sedan,,,,
1/27/24,6:03,Missing,,40.838997,-73.91073,"(40.838997, -73.91073)",MORRIS AVENUE,,,1,0,0,0,0,0,1,0,Failure to Yield Right-of-Way,Unspecified,,,,4698023,Van,Sedan,,,
1/28/24,9:30,Missing,,40.632927,-74.14305,"(40.632927, -74.14305)",,,31        TRANTOR PLACE,0,0,0,0,0,0,0,0,Unspecified,Unspecified,,,,4698731,Sedan,,,,
11/22/24,5:25,BRONX,10466,40.889717,-73.86381,"(40.889717, -73.86381)",E 226 ST,BRONX BLVD,,0,0,0,0,0,0,0,0,Unspecified,,,,,4774963,Sedan,,,,
11/21/24,15:45,QUEENS,11373,40.734875,-73.88211,"(40.734875, -73.88211)",HASPEL ST,GRAND AVE,,1,0,1,0,0,0,0,0,Unspecified,,,,,4774931,Sedan,,,,
1/22/24,9:45,BRONX,10475,40.881298,-73.826294,"(40.881298, -73.826294)",,,3311      MERRITT AVENUE,0,0,0,0,0,0,0,0,Unspecified,,,,,4699194,Sedan,,,,
1/29/24,7:15,QUEENS,11368,40.742847,-73.86633,"(40.742847, -73.86633)",,,96-47     CORONA AVENUE,1,0,1,0,0,0,0,0,Unspecified,,,,,4698738,Sedan,,,,
1/26/24,21:03,BROOKLYN,11232,40.65039,-74.00851,"(40.65039, -74.00851)",4 AVENUE,43 STREET,,1,0,0,0,0,0,1,0,Unspecified,,,,,4699250,MOPED,,,,
1/28/24,11:50,Missing,,,,,WEST 181 STREET,HENRY HUDSON PARKWAY,,2,0,0,0,0,0,2,0,Failure to Yield Right-of-Way,Unspecified,,,,4699548,Sedan,Station Wagon/Sport Utility Vehicle,,,
5/31/24,9:15,MANHATTAN,10036,40.759033,-73.9961,"(40.759033, -73.9961)",,,500       WEST 41 STREET,0,0,0,0,0,0,0,0,Passing Too Closely,Passing Too Closely,,,,4729884,Sedan,Box Truck,,,
7/28/24,13:25,Missing,,,,,PARK AVENUE,,,0,0,0,0,0,0,0,0,Driver Inattention/Distraction,Unspecified,,,,4743702,Sedan,Dump,,,
7/27/24,14:00,Missing,,,,,VERRAZANO BRIDGE UPPER,,,0,0,0,0,0,0,0,0,Failure to Yield Right-of-Way,Unspecified,,,,4744192,Station Wagon/Sport Utility Vehicle,Station Wagon/Sport Utility Vehicle,,,
5/30/24,19:01,BROOKLYN,11203,40.660248,-73.93675,"(40.660248, -73.93675)",,,700       RUTLAND ROAD,0,0,0,0,0,0,0,0,Other Vehicular,Following Too Closely,,,,4729870,Sedan,Sedan,,,
5/29/24,8:20,Missing,,40.753906,-73.99962,"(40.753906, -73.99962)",10 AVENUE,,,1,0,0,0,1,0,0,0,Passenger Distraction,Unspecified,,,,4729904,Bike,Sedan,,,
6/2/24,14:03,BROOKLYN,11233,40.677006,-73.92297,"(40.677006, -73.92297)",,,1875      ATLANTIC AVENUE,0,0,0,0,0,0,0,0,Driver Inattention/Distraction,Unspecified,,,,4729539,Sedan,Sedan,,,
6/1/24,14:44,Missing,,40.674934,-73.80186,"(40.674934, -73.80186)",VAN WYCK EXPWY,,,0,0,0,0,0,0,0,0,Driver Inattention/Distraction,Unspecified,,,,4729932,Sedan,Van,,,
5/31/24,19:20,Missing,,,,,ALEXANDER HAMILTON BRIDGE,,,0,0,0,0,0,0,0,0,Driver Inattention/Distraction,Unspecified,,,,4729963,Pick-up Truck,Tow Truck / Wrecker,,,
6/2/24,7:20,BROOKLYN,11207,40.675285,-73.886345,"(40.675285, -73.886345)",,,346       WARWICK STREET,0,0,0,0,0,0,0,0,Unspecified,,,,,4729274,Sedan,,,,
5/29/24,11:15,Missing,,40.886635,-73.88746,"(40.886635, -73.88746)",MOSHOLU PARKWAY,,,2,0,0,0,0,0,2,0,Unspecified,Unspecified,,,,4729876,Sedan,Sedan,,,
7/20/24,15:00,BROOKLYN,11232,40.65463,-74.00042,"(40.65463, -74.00042)",5 AVENUE,33 STREET,,1,0,0,0,0,0,1,0,Unspecified,Unspecified,,,,4744687,Sedan,,,,
12/1/24,9:06,QUEENS,11373,40.747105,-73.88654,"(40.747105, -73.88654)",,,40-03     79 ST,0,0,0,0,0,0,0,0,Turning Improperly,Unspecified,,,,4775567,Sedan,,,,
12/1/24,0:10,BROOKLYN,11208,40.6884,-73.867455,"(40.6884, -73.867455)",ETNA ST,ELDERT LN,,0,0,0,0,0,0,0,0,Other Vehicular,,,,,4775301,Sedan,,,,
12/1/24,23:25,BROOKLYN,11207,40.674057,-73.88916,"(40.674057, -73.88916)",,,572       GLENMORE AVE,1,0,1,0,0,0,0,0,Unspecified,,,,,4775882,Sedan,,,,
12/1/24,22:38,BRONX,10467,40.885693,-73.86164,"(40.885693, -73.86164)",WHITE PLAINS RD,E 222 ST,,1,0,1,0,0,0,0,0,Unsafe Speed,,,,,4775742,E-Bike,,,,
2/9/24,23:56,Missing,,40.754986,-73.74535,"(40.754986, -73.74535)",CROSS ISLAND PARKWAY,,,0,0,0,0,0,0,0,0,Driver Inattention/Distraction,,,,,4701464,Sedan,,,,
2/8/24,13:30,MANHATTAN,10016,40.74102,-73.97862,"(40.74102, -73.97862)",2 AVENUE,EAST 28 STREET,,0,0,0,0,0,0,0,0,Unspecified,,,,,4701548,Sedan,,,,
2/6/24,16:08,BRONX,10474,40.81876,-73.8883,"(40.81876, -73.8883)",,,1225      SENECA AVENUE,0,0,0,0,0,0,0,0,Unspecified,,,,,4701334,Sedan,,,,
2/10/24,6:48,Missing,,40.59423,-73.908325,"(40.59423, -73.908325)",BELT PARKWAY,,,1,0,0,0,0,0,1,0,Other Vehicular,Other Vehicular,,,,4702002,Sedan,Sedan,,,
2/10/24,0:00,QUEENS,11001,40.732746,-73.70761,"(40.732746, -73.70761)",,,86-22     259 STREET,1,0,1,0,0,0,0,0,Unspecified,,,,,4701607,Sedan,,,,
12/2/24,14:33,BROOKLYN,11204,40.626556,-73.99017,"(40.626556, -73.99017)",57 ST,16 AVE,,0,0,0,0,0,0,0,0,Unspecified,Unspecified,,,,4775754,Sedan,Bus,,,
6/2/24,21:05,Missing,,40.615574,-74.008766,"(40.615574, -74.008766)",14 AVENUE,,,1,0,0,0,1,0,0,0,Driver Inattention/Distraction,Unspecified,,,,4729614,Sedan,E-Bike,,,
6/2/24,7:23,Missing,,40.867275,-73.91922,"(40.867275, -73.91922)",ISHAM STREET,,,0,0,0,0,0,0,0,0,Driver Inattention/Distraction,Unspecified,,,,4729400,Station Wagon/Sport Utility Vehicle,Sedan,,,
2/18/24,11:00,QUEENS,11415,40.711548,-73.82657,"(40.711548, -73.82657)",,,123-60    83 AVENUE,0,0,0,0,0,0,0,0,Turning Improperly,,,,,4703601,Sedan,,,,
6/1/24,18:35,BRONX,10458,40.851757,-73.88473,"(40.851757, -73.88473)",EAST 183 STREET,CROTONA AVENUE,,1,0,1,0,0,0,0,0,Traffic Control Disregarded,,,,,4729925,Sedan,,,,
6/2/24,13:50,Missing,,40.694317,-73.82036,"(40.694317, -73.82036)",127 STREET,,,0,0,0,0,0,0,0,0,Backing Unsafely,Unspecified,,,,4729477,Station Wagon/Sport Utility Vehicle,Sedan,,,
6/2/24,15:02,QUEENS,11378,40.72392,-73.89434,"(40.72392, -73.89434)",69 STREET,58 ROAD,,0,0,0,0,0,0,0,0,Drugs (illegal),Unspecified,,,,4729457,Sedan,Station Wagon/Sport Utility Vehicle,,,
6/1/24,20:40,BRONX,10463,40.87372,-73.903984,"(40.87372, -73.903984)",,,2841      HEATH AVENUE,0,0,0,0,0,0,0,0,Unspecified,,,,,4729892,Station Wagon/Sport Utility Vehicle,,,,
5/31/24,20:00,QUEENS,11369,40.76393,-73.87837,"(40.76393, -73.87837)",91 STREET,25 AVENUE,,0,0,0,0,0,0,0,0,Unspecified,Unspecified,,,,4730085,Van,,,,
8/11/24,10:38,MANHATTAN,10065,40.765408,-73.97187,"(40.765408, -73.97187)",,,2         EAST 61 STREET,0,0,0,0,0,0,0,0,Driver Inattention/Distraction,Unspecified,,,,4749000,Sedan,Sedan,,,
7/26/24,11:00,Missing,,40.709305,-73.84369,"(40.709305, -73.84369)",UNION TURNPIKE,METROPOLITAN AVENUE,,0,0,0,0,0,0,0,0,Other Vehicular,Unspecified,,,,4743929,Sedan,Pick-up Truck,,,
7/28/24,8:00,MANHATTAN,10027,40.813934,-73.96005,"(40.813934, -73.96005)",,,75        LASALLE STREET,0,0,0,0,0,0,0,0,Other Vehicular,,,,,4743806,Sedan,,,,
12/5/24,0:30,QUEENS,11435,40.698086,-73.803246,"(40.698086, -73.803246)",,,148-24    97 AVE,0,0,0,0,0,0,0,0,Unspecified,,,,,4776656,Sedan,,,,
2/13/24,13:30,QUEENS,11355,40.75806,-73.81402,"(40.75806, -73.81402)",CHERRY AVENUE,149 STREET,,0,0,0,0,0,0,0,0,Unspecified,,,,,4702348,Sedan,,,,
2/13/24,20:55,Missing,,40.678722,-73.952995,"(40.678722, -73.952995)",BEDFORD AVENUE,,,0,0,0,0,0,0,0,0,Failure to Yield Right-of-Way,Unspecified,,,,4702425,Sedan,Moped,,,
7/17/24,0:51,Missing,,40.84222,-73.82579,"(40.84222, -73.82579)",BRUCKNER EXPRESSWAY,,,1,0,0,0,1,0,0,0,Pavement Defective,,,,,4744950,Bike,,,,
8/2/24,11:49,Missing,,,,,ATLANTIC AVENUE,,,1,0,0,0,0,0,1,0,Unspecified,Unspecified,,,,4745315,Sedan,Motorcycle,,,
2/16/24,9:15,Missing,,40.620712,-73.95764,"(40.620712, -73.95764)",AVENUE L,,,0,0,0,0,0,0,0,0,Unspecified,Unspecified,,,,4703271,Sedan,Pick-up Truck,,,
9/2/24,22:35,BROOKLYN,11215,40.67003,-73.97233,"(40.67003, -73.97233)",PROSPECT PARK WEST,GARFIELD PLACE,,0,0,0,0,0,0,0,0,Turning Improperly,Unspecified,,,,4752625,Sedan,Sedan,,,
2/12/24,17:10,Missing,,40.671406,-73.96133,"(40.671406, -73.96133)",EASTERN PARKWAY,,,3,0,0,0,0,0,3,0,Unspecified,Unspecified,,,,4703440,Sedan,Sedan,,,
2/15/24,8:10,Missing,,40.76432,-73.9772,"(40.76432, -73.9772)",WEST 57 STREET,,,0,0,0,0,0,0,0,0,Failure to Yield Right-of-Way,Unspecified,,,,4703206,Bus,Sedan,,,
2/6/24,20:25,BRONX,10472,40.829422,-73.87491,"(40.829422, -73.87491)",,,1615      WESTCHESTER AVENUE,1,0,1,0,0,0,0,0,Unspecified,,,,,4703300,Sedan,,,,
9/2/24,16:20,Missing,,40.710476,-73.963844,"(40.710476, -73.963844)",BROADWAY,BEDFORD AVENUE,,0,0,0,0,0,0,0,0,Turning Improperly,Unspecified,,,,4753307,Sedan,,,,
8/5/24,7:30,BRONX,10470,40.899185,-73.8562,"(40.899185, -73.8562)",MATILDA AVENUE,NEREID AVENUE,,1,0,0,0,0,0,1,0,Failure to Yield Right-of-Way,Unspecified,,,,4746109,Sedan,,,,
2/14/24,21:38,QUEENS,11101,40.753227,-73.94672,"(40.753227, -73.94672)",QUEENS PLAZA SOUTH,11 STREET,,1,0,0,0,1,0,0,0,Unspecified,,,,,4702821,Bike,,,,
8/22/24,0:13,BROOKLYN,11210,40.63416,-73.949036,"(40.63416, -73.949036)",,,1491      FLATBUSH AVENUE,0,0,0,0,0,0,0,0,Unspecified,,,,,4751269,Station Wagon/Sport Utility Vehicle,,,,
2/14/24,19:00,BROOKLYN,11219,40.64404,-73.99495,"(40.64404, -73.99495)",,,971       41 STREET,0,0,0,0,0,0,0,0,Unspecified,,,,,4702908,Sedan,,,,
2/20/24,19:30,Missing,,,,,HENRY HUDSON PARKWAY,,,0,0,0,0,0,0,0,0,Driver Inattention/Distraction,,,,,4704085,Box Truck,,,,
7/31/24,19:20,Missing,,,,,BROOKLYN AVENUE,,,0,0,0,0,0,0,0,0,Turning Improperly,Unspecified,,,,4744648,Station Wagon/Sport Utility Vehicle,Sedan,,,
12/7/24,18:09,QUEENS,11385,40.697433,-73.8986,"(40.697433, -73.8986)",SENECA AVE,DECATUR ST,,0,0,0,0,0,0,0,0,Unspecified,Unspecified,,,,4777240,Bus,Sedan,,,
12/3/24,17:32,MANHATTAN,10019,40.76229,-73.98611,"(40.76229, -73.98611)",W 50 ST,8 AVE,,1,0,1,0,0,0,0,0,Unspecified,,,,,4777498,Sedan,,,,
12/5/24,14:42,BROOKLYN,11208,40.67659,-73.870476,"(40.67659, -73.870476)",,,466       CRESCENT ST,0,0,0,0,0,0,0,0,Unspecified,,,,,4777348,Sedan,,,,
2/26/24,17:00,Missing,,40.8327,-73.950226,"(40.8327, -73.950226)",HENRY HUDSON PARKWAY,,,0,0,0,0,0,0,0,0,Driver Inattention/Distraction,,,,,4705552,Sedan,,,,
2/26/24,9:20,BROOKLYN,11211,0,0,"(0.0, 0.0)",SOUTH 5 STREET,HAVEMEYER STREET,,1,0,0,0,0,0,1,0,Traffic Control Disregarded,Unspecified,,,,4705667,Sedan,Sedan,,,
2/26/24,19:57,Missing,,40.750443,-73.96599,"(40.750443, -73.96599)",FDR DRIVE,,,0,0,0,0,0,0,0,0,Driver Inattention/Distraction,Unspecified,,,,4705349,Sedan,,,,
12/8/24,22:03,Missing,,40.855476,-73.87661,"(40.855476, -73.87661)",E FORDHAM RD,BRONX RIVER SHORELINE,,0,0,0,0,0,0,0,0,Unspecified,Unspecified,,,,4777287,Sedan,Sedan,,,
6/24/24,12:15,Missing,,40.80582,-73.90926,"(40.80582, -73.90926)",BRUCKNER EXPRESSWAY,,,0,0,0,0,0,0,0,0,Unspecified,Unspecified,,,,4745543,Sedan,Box Truck,,,
7/23/24,23:02,Missing,,40.82156,-73.95836,"(40.82156, -73.95836)",HENRY HUDSON PARKWAY,,,0,0,0,0,0,0,0,0,Unspecified,,,,,4745646,Convertible,,,,
12/9/24,22:40,MANHATTAN,10032,40.834682,-73.94443,"(40.834682, -73.94443)",BROADWAY,W 158 ST,,1,0,1,0,0,0,0,0,Driver Inattention/Distraction,,,,,4777763,,,,,
2/20/24,18:25,MANHATTAN,10019,40.76525,-73.995094,"(40.76525, -73.995094)",WEST 49 STREET,11 AVENUE,,1,0,1,0,0,0,0,0,,,,,,4704029,Sedan,,,,
2/20/24,13:15,Missing,,40.679787,-73.93844,"(40.679787, -73.93844)",FULTON STREET,,,1,0,0,0,0,0,1,0,Passing Too Closely,Unspecified,,,,4704115,Sedan,,,,
2/18/24,11:20,BROOKLYN,11220,40.638878,-74.00605,"(40.638878, -74.00605)",8 AVENUE,54 STREET,,1,0,1,0,0,0,0,0,,,,,,4704339,,,,,
2/20/24,9:15,QUEENS,11106,40.759422,-73.92747,"(40.759422, -73.92747)",,,34-02     31 STREET,0,0,0,0,0,0,0,0,Backing Unsafely,,,,,4704050,Pick-up Truck,,,,
2/20/24,19:00,BRONX,10463,40.873917,-73.90926,"(40.873917, -73.90926)",,,54        WEST 225 STREET,0,0,0,0,0,0,0,0,Unspecified,Unspecified,,,,4704256,Sedan,,,,
2/18/24,10:14,Missing,,40.83501,-73.90353,"(40.83501, -73.90353)",3 AVENUE,,,1,0,1,0,0,0,0,0,Driver Inattention/Distraction,,,,,4704306,Sedan,,,,
8/4/24,0:02,Missing,,40.744644,-73.731186,"(40.744644, -73.731186)",GRAND CENTRAL PKWY,,,1,0,0,0,0,0,1,0,Pavement Slippery,,,,,4745850,Sedan,,,,
8/2/24,8:00,Missing,,40.584755,-73.94712,"(40.584755, -73.94712)",BELT PARKWAY,,,0,0,0,0,0,0,0,0,Unsafe Lane Changing,Unspecified,,,,4745838,Bus,Sedan,,,
8/3/24,22:05,Missing,,,,,HALSEY STREET,,,0,0,0,0,0,0,0,0,Driver Inattention/Distraction,Unspecified,Unspecified,,,4746032,Station Wagon/Sport Utility Vehicle,Motorcycle,Sedan,,
8/4/24,18:30,Missing,,,,,FDR DRIVE RAMP,,,0,0,0,0,0,0,0,0,Failure to Yield Right-of-Way,Unspecified,,,,4745275,Sedan,Station Wagon/Sport Utility Vehicle,,,
8/2/24,16:33,Missing,,,,,FULTON STREET,,,0,0,0,0,0,0,0,0,Driver Inattention/Distraction,Unspecified,,,,4746031,Sedan,,,,
8/4/24,0:00,Missing,,40.667236,-73.770004,"(40.667236, -73.770004)",BELT PARKWAY,,,0,0,0,0,0,0,0,0,Unspecified,,,,,4745236,Station Wagon/Sport Utility Vehicle,Sedan,,,
7/28/24,3:30,Missing,,,,,VANWYCK EXPRESSWAY,JAMAICA AVENUE,,3,0,0,0,0,0,3,0,Unspecified,,,,,4745891,Sedan,,,,
8/4/24,11:00,Missing,,,,,TRIBOROUGH BRIDGE,RANDALLS ISLAND,,1,0,0,0,0,0,1,0,Unsafe Speed,,,,,4745855,Motorcycle,,,,
7/29/24,14:00,Missing,,,,,OCEAN AVENUE,,,1,0,0,0,1,0,0,0,Unspecified,,,,,4745758,E-Bike,,,,
7/30/24,12:55,Missing,,,,,PELHAM PARKWAY,BOSTON ROAD,,0,0,0,0,0,0,0,0,Driver Inattention/Distraction,Unspecified,,,,4745930,Station Wagon/Sport Utility Vehicle,Sedan,,,
12/5/24,7:55,QUEENS,11367,40.719357,-73.817986,"(40.719357, -73.817986)",78 RD,MAIN ST,,0,0,0,0,0,0,0,0,Unspecified,Unspecified,,,,4777989,Sedan,Sedan,,,
10/15/24,23:00,Missing,,40.704422,-73.99491,"(40.704422, -73.99491)",BROOKLYN BRIDGE,,,0,0,0,0,0,0,0,0,Unsafe Speed,Unspecified,,,,4778212,Station Wagon/Sport Utility Vehicle,Sedan,,,
11/4/24,20:24,QUEENS,11412,40.69444,-73.758675,"(40.69444, -73.758675)",194 ST,116 AVE,,0,0,0,0,0,0,0,0,Unsafe Speed,Unspecified,,,,4778175,Sedan,,,,
2/5/24,15:46,Missing,,40.668507,-73.92561,"(40.668507, -73.92561)",EASTERN PARKWAY,,,2,0,0,0,0,0,2,0,Unspecified,Unspecified,,,,4700659,Sedan,Sedan,,,
3/1/24,2:35,Missing,,40.668797,-73.93113,"(40.668797, -73.93113)",EASTERN PARKWAY,,,1,0,1,0,0,0,0,0,Traffic Control Disregarded,,,,,4706660,,,,,
2/28/24,9:27,Missing,,40.74904,-73.944275,"(40.74904, -73.944275)",23 STREET,,,0,0,0,0,0,0,0,0,Failure to Yield Right-of-Way,Unspecified,,,,4705799,Sedan,Flat Bed,,,
2/29/24,13:20,Missing,,,,,GOWANUS RAMP,,,0,0,0,0,0,0,0,0,Failure to Yield Right-of-Way,Unspecified,,,,4706075,Pick-up Truck,Sedan,,,
3/2/24,0:15,QUEENS,11691,,,,SCOTT A GADELL PLACE,MOTT AVENUE,,0,0,0,0,0,0,0,0,Backing Unsafely,Unspecified,,,,4706671,Station Wagon/Sport Utility Vehicle,Sedan,,,
3/3/24,22:30,BRONX,10470,40.896835,-73.86787,"(40.896835, -73.86787)",,,283       EAST 234 STREET,0,0,0,0,0,0,0,0,Unspecified,,,,,4707298,Sedan,,,,
2/28/24,19:14,BRONX,10467,40.8678,-73.86251,"(40.8678, -73.86251)",MATTHEWS AVENUE,ARNOW AVENUE,,1,0,1,0,0,0,0,0,Unsafe Speed,,,,,4707133,Sedan,,,,
8/4/24,0:00,Missing,,,,,PARSONS BOULEVARD,,,0,0,0,0,0,0,0,0,Driver Inattention/Distraction,Unspecified,,,,4746215,Sedan,Sedan,,,
3/4/24,10:25,BROOKLYN,11215,40.675434,-73.97797,"(40.675434, -73.97797)",6 AVENUE,UNION STREET,,0,0,0,0,0,0,0,0,Unspecified,,,,,4706995,Sedan,,,,
3/4/24,17:00,Missing,,40.839767,-73.905396,"(40.839767, -73.905396)",CLAREMONT PARKWAY,,,1,0,1,0,0,0,0,0,Driver Inattention/Distraction,,,,,4707770,,,,,
3/5/24,9:30,MANHATTAN,10010,40.74211,-73.99089,"(40.74211, -73.99089)",,,37        WEST 23 STREET,0,0,0,0,0,0,0,0,Unspecified,,,,,4707427,Sedan,,,,
11/25/24,15:07,MANHATTAN,10017,0,0,"(0.0, 0.0)",,,51        E 49 ST,0,0,0,0,0,0,0,0,Driver Inattention/Distraction,Unspecified,,,,4778441,Taxi,Convertible,,,
12/14/24,4:54,BROOKLYN,11212,40.65531,-73.903175,"(40.65531, -73.903175)",LINDEN BLVD,MOTHER GASTON BLVD,,1,0,0,0,0,0,1,0,Unspecified,,,,,4778782,Sedan,,,,
8/6/24,17:40,Missing,,,,,17 AVENUE,,,0,0,0,0,0,0,0,0,Unsafe Speed,Unspecified,,,,4745937,Sedan,Sedan,,,
9/30/24,10:24,BROOKLYN,11212,40.66254,-73.90505,"(40.66254, -73.90505)",,,660       STONE AVENUE,0,0,0,0,0,0,0,0,Unspecified,,,,,4759896,Sedan,,,,
9/11/24,17:00,BROOKLYN,11235,40.583687,-73.94487,"(40.583687, -73.94487)",EMMONS AVENUE,DOOLEY STREET,,0,0,0,0,0,0,0,0,Other Vehicular,,,,,4756973,Sedan,,,,
9/22/24,0:00,STATEN ISLAND,10307,40.51817,-74.2345,"(40.51817, -74.2345)",,,245       PAGE AVENUE,0,0,0,0,0,0,0,0,,,,,,4758326,,,,,
9/14/24,2:18,Missing,,40.659336,-73.92726,"(40.659336, -73.92726)",EAST 54 STREET,WINTHROP STREET,,1,0,0,0,0,0,1,0,Unspecified,Unspecified,,,,4755848,Taxi,Taxi,,,
10/8/24,13:30,BROOKLYN,11221,40.691452,-73.93758,"(40.691452, -73.93758)",,,884       LAFAYETTE AVENUE,0,0,0,0,0,0,0,0,Unspecified,,,,,4762060,Sedan,,,,
9/28/24,19:15,Missing,,40.87278,-73.851265,"(40.87278, -73.851265)",PEARSALL AVENUE,GIVAN AVENUE,,1,0,0,0,0,0,1,0,Unspecified,Unspecified,,,,4759472,Sedan,Sedan,,,
9/14/24,1:34,MANHATTAN,10031,40.825504,-73.948235,"(40.825504, -73.948235)",,,511       WEST 145 STREET,1,0,1,0,0,0,0,0,Unspecified,,,,,4756275,Sedan,,,,
7/26/24,15:25,Missing,,,,,VERRAZANO BRIDGE UPPER,,,0,0,0,0,0,0,0,0,Following Too Closely,Unspecified,,,,4746767,Station Wagon/Sport Utility Vehicle,Station Wagon/Sport Utility Vehicle,,,
8/7/24,6:45,Missing,,,,,BROADWAY,,,1,0,0,0,0,0,0,0,Failure to Yield Right-of-Way,Unspecified,,,,4746262,Station Wagon/Sport Utility Vehicle,E-Scooter,,,
8/7/24,6:24,Missing,,40.666786,-73.78452,"(40.666786, -73.78452)",BELT PARKWAY,,,1,0,0,0,0,0,1,0,Passing or Lane Usage Improper,Unspecified,,,,4746306,Sedan,,,,
9/13/24,18:00,BROOKLYN,11208,40.67398,-73.878876,"(40.67398, -73.878876)",,,204       ATKINS AVENUE,0,0,0,0,0,0,0,0,Unspecified,Unspecified,,,,4755997,Sedan,,,,
10/14/24,2:20,Missing,,40.709896,-73.83941,"(40.709896, -73.83941)",JACKIE ROBINSON PKWY,,,0,0,0,0,0,0,0,0,Unsafe Speed,Unspecified,,,,4763222,Sedan,Sedan,,,
8/10/24,15:15,Missing,,,,,Arthurkill road,Androvette street,,0,0,0,0,0,0,0,0,Unsafe Speed,Unspecified,,,,4746865,Station Wagon/Sport Utility Vehicle,Station Wagon/Sport Utility Vehicle,,,
8/7/24,17:35,Missing,,,,,CALYER STREET,,,1,0,0,0,0,0,1,0,Following Too Closely,Unspecified,,,,4747182,Moped,Sedan,,,
6/3/24,3:28,MANHATTAN,10065,40.765713,-73.96988,"(40.765713, -73.96988)",,,696       MADISON AVENUE,0,0,0,0,0,0,0,0,Alcohol Involvement,Other Vehicular,,,,4730190,Sedan,Flat Bed,,,
8/8/24,19:15,Missing,,,,,WEST 143 STREET,,,0,0,0,0,0,0,0,0,Other Vehicular,Passing Too Closely,,,,4747318,Bus,Station Wagon/Sport Utility Vehicle,,,
6/3/24,18:50,BROOKLYN,11229,40.60228,-73.95197,"(40.60228, -73.95197)",,,2442      OCEAN AVENUE,0,0,0,0,0,0,0,0,Unspecified,Unspecified,,,,4729789,Sedan,Sedan,,,
6/3/24,8:35,Missing,,40.82472,-73.87147,"(40.82472, -73.87147)",BRUCKNER BOULEVARD,METCALF AVENUE,,0,0,0,0,0,0,0,0,Unspecified,Unspecified,,,,4730259,Sedan,Box Truck,,,
6/2/24,20:00,Missing,,40.696014,-73.92153,"(40.696014, -73.92153)",CENTRAL AVENUE,,,0,0,0,0,0,0,0,0,Driver Inexperience,Unspecified,Unspecified,,,4730453,Station Wagon/Sport Utility Vehicle,Sedan,,,
6/3/24,6:15,BROOKLYN,11201,40.699482,-73.98049,"(40.699482, -73.98049)",,,26        NAVY STREET,0,0,0,0,0,0,0,0,Oversized Vehicle,Unspecified,,,,4729655,,,,,
6/3/24,5:00,BRONX,10453,40.847305,-73.92465,"(40.847305, -73.92465)",,,1514      SEDGWICK AVENUE,0,0,0,0,0,0,0,0,Driver Inexperience,Unspecified,,,,4730060,Sedan,,,,
6/3/24,13:08,STATEN ISLAND,10305,40.597717,-74.08411,"(40.597717, -74.08411)",,,1232      HYLAN BOULEVARD,0,0,0,0,0,0,0,0,Unsafe Speed,,,,,4730195,Sedan,,,,
8/10/24,23:55,Missing,,,,,WILLIAMSBURG BRIDGE INNER ROADWA,,,0,0,0,0,0,0,0,0,Driver Inattention/Distraction,,,,,4747126,Sedan,,,,
6/3/24,21:08,BROOKLYN,11236,40.639816,-73.90664,"(40.639816, -73.90664)",,,8901      FLATLANDS AVENUE,2,0,0,0,0,0,2,0,Brakes Defective,Unspecified,,,,4730064,Sedan,Sedan,,,
8/12/24,11:30,Missing,,,,,BOWNE STREET,,,0,0,0,0,0,0,0,0,Failure to Yield Right-of-Way,Unspecified,,,,4747289,Sedan,Station Wagon/Sport Utility Vehicle,,,
8/12/24,3:42,Missing,,40.73549,-73.859634,"(40.73549, -73.859634)",LONG ISLAND EXPRESSWAY,,,1,0,0,0,0,0,1,0,Fell Asleep,Unspecified,,,,4747362,Sedan,Sedan,,,
8/10/24,17:55,Missing,,,,,WESTCHESTER AVENUE,HUTCHINSON RIVER PARKWAY,,0,0,0,0,0,0,0,0,Lost Consciousness,,,,,4748146,Station Wagon/Sport Utility Vehicle,,,,
8/13/24,13:00,Missing,,,,,150 STREET,,,2,0,0,0,0,0,2,0,Passing Too Closely,Unspecified,,,,4747635,Station Wagon/Sport Utility Vehicle,Tractor Truck Diesel,,,
8/8/24,11:23,Missing,,,,,BEACH STREET,,,0,0,0,0,0,0,0,0,Oversized Vehicle,Unspecified,,,,4748091,Station Wagon/Sport Utility Vehicle,Box Truck,,,
8/13/24,10:10,Missing,,0,0,"(0.0, 0.0)",COURT STREET,,,1,0,0,0,1,0,0,0,Traffic Control Disregarded,,,,,4747643,Bike,,,,
8/13/24,18:40,Missing,,,,,MILFORD STREET,,,1,0,1,0,0,0,0,0,,,,,,4747720,,,,,
8/13/24,6:00,Missing,,40.73902,-73.97335,"(40.73902, -73.97335)",FDR DRIVE,,,0,0,0,0,0,0,0,0,Driver Inattention/Distraction,Unspecified,,,,4747503,Sedan,,,,
8/13/24,22:40,Missing,,,,,LAFAYETTE AVENUE,CROSS BRONX EXPRESSWAY,,1,0,0,0,0,0,1,0,Unspecified,,,,,4748118,Sedan,,,,
8/13/24,0:29,Missing,,,,,200 STREET,,,0,0,0,0,0,0,0,0,Unspecified,,,,,4747699,Sedan,,,,
8/13/24,15:26,Missing,,,,,OCEAN PARKWAY,,,3,0,1,0,0,0,2,0,Traffic Control Disregarded,Unspecified,,,,4747679,Sedan,Sedan,,,
8/13/24,17:30,Missing,,,,,LEXINGTON AVENUE,,,1,0,0,0,0,0,1,0,Driver Inattention/Distraction,Unspecified,,,,4747744,Motorcycle,Sedan,,,
8/3/24,13:40,Missing,,,,,JEROME AVENUE,,,1,0,1,0,0,0,0,0,Driver Inattention/Distraction,,,,,4747261,Sedan,,,,
8/5/24,14:50,Missing,,,,,CONVENT AVENUE,,,1,0,0,0,0,0,0,0,Unspecified,Unspecified,,,,4747341,E-Scooter,Station Wagon/Sport Utility Vehicle,,,
8/4/24,9:30,Missing,,,,,FARRAGUT PLACE,,,0,0,0,0,0,0,0,0,Unspecified,,,,,4747184,Sedan,,,,
8/10/24,2:55,Missing,,,,,EAST 185 STREET,,,0,0,0,0,0,0,0,0,View Obstructed/Limited,Unspecified,,,,4746758,Station Wagon/Sport Utility Vehicle,Sedan,,,
10/15/24,16:05,Missing,,40.574802,-73.973526,"(40.574802, -73.973526)",W 5 ST,SURF AVE,,1,0,0,0,0,0,1,0,Fatigued/Drowsy,,,,,4763874,Sedan,,,,
10/12/24,20:05,Missing,,40.82244,-73.90199,"(40.82244, -73.90199)",EAST 163 STREET,,,1,0,0,0,0,0,1,0,Unspecified,,,,,4764123,Station Wagon/Sport Utility Vehicle,,,,
10/10/24,22:23,BROOKLYN,11211,,,,,,251       NORTH 8 STREET,1,0,0,0,0,0,0,0,Unspecified,,,,,4764297,E-Scooter,,,,
6/18/24,17:30,BRONX,10455,40.818237,-73.90897,"(40.818237, -73.90897)",,,670       CAULDWELL AVENUE,0,0,0,0,0,0,0,0,Driver Inexperience,,,,,4747654,Sedan,,,,
8/11/24,13:59,Missing,,,,,HORACE HARDING EXPRESSWAY,KISSENA BOULEVARD,,0,0,0,0,0,0,0,0,Unspecified,,,,,4747238,Sedan,,,,
8/11/24,6:00,Missing,,,,,BRONX BOULEVARD,,,0,0,0,0,0,0,0,0,Passing Too Closely,Unspecified,,,,4747393,Station Wagon/Sport Utility Vehicle,Station Wagon/Sport Utility Vehicle,,,
8/11/24,20:18,Missing,,40.651974,-73.86542,"(40.651974, -73.86542)",BELT PARKWAY,,,0,0,0,0,0,0,0,0,Other Vehicular,Following Too Closely,,,,4747080,Sedan,,,,
8/9/24,6:35,Missing,,,,,HUTCHINSON RIVER PARKWAY,,,0,0,0,0,0,0,0,0,Driver Inattention/Distraction,Driver Inattention/Distraction,,,,4747544,Station Wagon/Sport Utility Vehicle,,,,
7/23/24,17:10,MANHATTAN,10001,40.74971,-73.98757,"(40.74971, -73.98757)",,,45        WEST 34 STREET,1,0,0,0,1,0,0,0,Turning Improperly,Unspecified,,,,4745908,Sedan,Bike,,,
8/8/24,6:30,BROOKLYN,11226,40.64859,-73.957146,"(40.64859, -73.957146)",,,43        SNYDER AVENUE,0,0,0,0,0,0,0,0,Unspecified,,,,,4746627,Sedan,,,,
10/16/24,13:00,STATEN ISLAND,10306,40.566494,-74.11377,"(40.566494, -74.11377)",HYLAN BOULEVARD,EBBITTS STREET,,0,0,0,0,0,0,0,0,Unspecified,,,,,4764805,Sedan,,,,
10/18/24,8:46,MANHATTAN,10016,40.74807,-73.97352,"(40.74807, -73.97352)",,,729       2 AVENUE,0,0,0,0,0,0,0,0,Unspecified,,,,,4764434,,,,,
10/5/24,18:05,Missing,,,,,LIBERTY AVENUE,,,1,0,0,0,0,0,1,0,Passing or Lane Usage Improper,Unspecified,,,,4764656,Moped,Sedan,,,
8/27/24,17:59,Missing,,40.71122,-73.72827,"(40.71122, -73.72827)",HEMPSTEAD AVENUE,CROSS ISLAND PARKWAY,,1,0,0,0,0,0,1,0,Unspecified,Unspecified,,,,4751383,Station Wagon/Sport Utility Vehicle,Sedan,,,
10/18/24,21:34,Missing,,,,,University Avenue,Father Zeiser Place,,1,0,0,0,1,0,0,0,Turning Improperly,Driver Inattention/Distraction,,,,4765146,Station Wagon/Sport Utility Vehicle,Bike,,,
10/19/24,6:11,BROOKLYN,11208,40.68856,-73.87572,"(40.68856, -73.87572)",CYPRESS HILL STREET,JAMAICA AVENUE,,0,0,0,0,0,0,0,0,Unspecified,,,,,4764655,Sedan,,,,
8/22/24,7:00,MANHATTAN,10014,40.73695,-74.00786,"(40.73695, -74.00786)",,,43        BETHUNE STREET,0,0,0,0,0,0,0,0,Unspecified,Unspecified,,,,4750247,Sedan,,,,
10/19/24,1:45,BROOKLYN,11214,40.58516,-73.9874,"(40.58516, -73.9874)",CROPSEY AVENUE,BAY 50 STREET,,1,0,0,0,0,0,1,0,Unspecified,,,,,4764735,Sedan,Sedan,,,
10/11/24,12:00,BROOKLYN,11234,40.63592,-73.92216,"(40.63592, -73.92216)",,,5612      FARRAGUT ROAD,0,0,0,0,0,0,0,0,Driver Inexperience,,,,,4765167,Sedan,,,,
10/19/24,23:45,Missing,,40.669586,-73.92827,"(40.669586, -73.92827)",ROCHESTER AVENUE,,,0,0,0,0,0,0,0,0,Driver Inexperience,Driver Inexperience,,,,4764863,Sedan,Sedan,,,
10/18/24,0:40,Missing,,,,,20 AVENUE,,,0,0,0,0,0,0,0,0,Driver Inattention/Distraction,Unspecified,,,,4765076,Sedan,,,,
8/30/24,19:34,MANHATTAN,10029,40.792034,-73.94576,"(40.792034, -73.94576)",,,157       EAST 106 STREET,1,0,1,0,0,0,0,0,Alcohol Involvement,,,,,4752141,Sedan,,,,
10/17/24,8:46,Missing,,40.79099,-73.96518,"(40.79099, -73.96518)",CENTRAL PARK WEST,,,0,0,0,0,0,0,0,0,Passing or Lane Usage Improper,Unspecified,,,,4765460,Bus,Sedan,,,
10/20/24,0:09,Missing,,40.630577,-73.88591,"(40.630577, -73.88591)",BELT PARKWAY,,,1,0,0,0,0,0,1,0,Other Vehicular,Unspecified,,,,4764889,Sedan,Sedan,,,
10/21/24,18:32,Missing,,40.75348,-73.97879,"(40.75348, -73.97879)",EAST 43 STREET,,,0,0,0,0,0,0,0,0,Unspecified,Unspecified,,,,4765315,Sedan,,,,
10/16/24,18:23,QUEENS,11428,40.722782,-73.73545,"(40.722782, -73.73545)",,,220-32    93 AVENUE,0,0,0,0,0,0,0,0,Unspecified,,,,,4765684,Sedan,,,,
8/14/24,18:00,Missing,,,,,DURANT AVENUE,,,1,0,0,0,0,0,1,0,Unsafe Speed,Unspecified,,,,4748092,Station Wagon/Sport Utility Vehicle,Sedan,,,
8/12/24,10:15,Missing,,,,,,,83        WEST DRIVE,0,0,0,0,0,0,0,0,Animals Action,,,,,4748866,AMBULANCE,,,,
7/19/24,19:13,Missing,,,,,EAST 180 STREET,,,0,0,0,0,0,0,0,0,Backing Unsafely,Unspecified,,,,4748499,Sedan,Pick-up Truck,,,
8/14/24,13:22,Missing,,,,,BROOKLYN QUEENS EXPRESSWAY,30 AVENUE,,1,0,0,0,0,0,1,0,Failure to Yield Right-of-Way,Unspecified,,,,4748103,Motorcycle,Box Truck,,,
10/13/24,0:04,Missing,,40.850822,-73.90147,"(40.850822, -73.90147)",EAST BURNSIDE AVENUE,RYER AVENUE,,0,0,0,0,0,0,0,0,Other Vehicular,,,,,4766038,Taxi,Sedan,,,
8/27/24,15:30,QUEENS,11434,40.664883,-73.768074,"(40.664883, -73.768074)",,,145-44    FARMERS BOULEVARD,0,0,0,0,0,0,0,0,Unspecified,Unspecified,,,,4751741,Sedan,,,,
8/11/24,4:30,BROOKLYN,11208,40.657642,-73.8749,"(40.657642, -73.8749)",ELTON STREET,FLATLANDS AVENUE,,0,0,0,0,0,0,0,0,Driver Inattention/Distraction,Unspecified,,,,4747211,Sedan,Sedan,,,
8/24/24,21:55,QUEENS,11691,40.592922,-73.753075,"(40.592922, -73.753075)",BOARDWALK,BEACH 19 STREET,,1,0,1,0,0,0,0,0,Driver Inattention/Distraction,,,,,4750453,E-Bike,,,,
8/7/24,9:30,QUEENS,11358,40.75024,-73.8005,"(40.75024, -73.8005)",,,166-20    PIDGEON MEADOW ROAD,0,0,0,0,0,0,0,0,Driver Inexperience,Unspecified,,,,4746218,Station Wagon/Sport Utility Vehicle,Sedan,,,
8/3/24,18:18,Missing,,,,,SAINT JOHNS PLACE,,,1,0,0,0,0,0,1,0,Driver Inattention/Distraction,Unspecified,,,,4748205,Station Wagon/Sport Utility Vehicle,Station Wagon/Sport Utility Vehicle,,,
8/13/24,16:00,Missing,,,,,AMBOY ROAD,,,0,0,0,0,0,0,0,0,Driver Inattention/Distraction,Unspecified,,,,4748073,Sedan,,,,
8/11/24,17:00,BROOKLYN,11235,40.583515,-73.9573,"(40.583515, -73.9573)",,,2775      EAST 12 STREET,0,0,0,0,0,0,0,0,Other Vehicular,Other Vehicular,,,,4748250,Sedan,,,,
5/31/24,7:59,BRONX,10454,40.80957,-73.925514,"(40.80957, -73.925514)",,,215       ALEXANDER AVENUE,0,0,0,0,0,0,0,0,Unspecified,Unspecified,,,,4730301,Station Wagon/Sport Utility Vehicle,,,,
8/17/24,21:29,Missing,,,,,WEST 50 STREET,,,1,0,0,0,0,0,1,0,Turning Improperly,Unspecified,,,,4748651,Taxi,Taxi,,,
6/3/24,16:30,MANHATTAN,10021,40.771427,-73.95853,"(40.771427, -73.95853)",,,221       EAST 75 STREET,0,0,0,0,0,0,0,0,Driver Inattention/Distraction,Unspecified,,,,4729858,Pick-up Truck,,,,
6/3/24,14:00,Missing,,40.760857,-73.961075,"(40.760857, -73.961075)",1 AVENUE,,,0,0,0,0,0,0,0,0,Driver Inattention/Distraction,Unspecified,,,,4729784,Station Wagon/Sport Utility Vehicle,Ambulance,,,
5/21/24,10:00,BROOKLYN,11233,40.681904,-73.90994,"(40.681904, -73.90994)",,,481       MARION STREET,0,0,0,0,0,0,0,0,Unspecified,Unspecified,,,,4730361,Sedan,Sedan,,,
5/31/24,12:10,BRONX,10468,40.86923,-73.89604,"(40.86923, -73.89604)",JEROME AVENUE,EAST 196 STREET,,0,0,0,0,0,0,0,0,,,,,,4730185,,,,,
5/31/24,2:00,QUEENS,11101,40.749294,-73.942955,"(40.749294, -73.942955)",43 AVENUE,24 STREET,,0,0,0,0,0,0,0,0,Unspecified,Unspecified,,,,4730206,Station Wagon/Sport Utility Vehicle,,,,